id,apellido,nombre,partido,genero,Nacimiento,Comisiones,Posición
298,Castañeda Hoeflich,José Clemente,MC,Varón,11/03/1972,Estudios Legislativos Primera,Secretario/a
299,Castañón Ramírez,Noé Fernando,MC,Varón,1977,Relaciones Exteriores América del Norte,Secretario/a
299,Castañón Ramírez,Noé Fernando,MC,Varón,1977,Asuntos Indígenas,Integrante
299,Castañón Ramírez,Noé Fernando,MC,Varón,1977,Gobernación,Integrante
299,Castañón Ramírez,Noé Fernando,MC,Varón,1977,Marina,Integrante
299,Castañón Ramírez,Noé Fernando,MC,Varón,1977,"Radio, Televisión y Cinematografía ",Integrante
305,Delgadillo García,Verónica,MC,Mujer,13/11/1982,Desarrollo y Bienestar Social,Secretario/a
305,Delgadillo García,Verónica,MC,Mujer,13/11/1982,Ciencia y Tecnología,Integrante
305,Delgadillo García,Verónica,MC,Mujer,13/11/1982,Cultura,Integrante
305,Delgadillo García,Verónica,MC,Mujer,13/11/1982,Educación,Integrante
305,Delgadillo García,Verónica,MC,Mujer,13/11/1982,"Medio Ambiente, Recursos Naturales y Cambio Climático ",Integrante
306,Delgado Rannauro,Dante Alfonso,MC,Varón,23/12/1950,Administración,Integrante
306,Delgado Rannauro,Dante Alfonso,MC,Varón,23/12/1950,Estudios Legislativos Segunda,Integrante
306,Delgado Rannauro,Dante Alfonso,MC,Varón,23/12/1950,Jurisdiccional,Integrante
306,Delgado Rannauro,Dante Alfonso,MC,Varón,23/12/1950,Seguridad Pública,Integrante
2418,Enríquez Herrera,José Ramón,MC,Varón,02/09/1968,Comunicaciones y Transportes,Secretario/a
2418,Enríquez Herrera,José Ramón,MC,Varón,02/09/1968,Defensa Nacional,Integrante
2418,Enríquez Herrera,José Ramón,MC,Varón,02/09/1968,Medalla Belisario Domínguez,Integrante
2418,Enríquez Herrera,José Ramón,MC,Varón,02/09/1968,Relaciones Exteriores,Integrante
2418,Enríquez Herrera,José Ramón,MC,Varón,02/09/1968,Relaciones Exteriores América Latina y el Caribe,Integrante
280,García Sepúlveda,Samuel Alejandro,MC,Varón,28/12/1987,Federalismo y Desarrollo Municipal,Presidente/a
280,García Sepúlveda,Samuel Alejandro,MC,Varón,28/12/1987,Estudios Legislativos,Integrante
280,García Sepúlveda,Samuel Alejandro,MC,Varón,28/12/1987,Hacienda y Crédito Público,Integrante
280,García Sepúlveda,Samuel Alejandro,MC,Varón,28/12/1987,Justicia,Integrante
234,Kempis Martínez,Indira,MC,Mujer,22/08/1982,"Desarrollo Urbano, Ordenamiento Territorial y Vivienda ",Secretario/a
234,Kempis Martínez,Indira,MC,Mujer,22/08/1982,Economía,Integrante
234,Kempis Martínez,Indira,MC,Mujer,22/08/1982,Para la Igualdad de Género,Integrante
234,Kempis Martínez,Indira,MC,Mujer,22/08/1982,Energía,Integrante
177,Mercado Castro,Dora Patricia,MC,Mujer,21/10/1957,Zonas Metropolitanas y Movilidad,Presidente/a
177,Mercado Castro,Dora Patricia,MC,Mujer,21/10/1957,Trabajo y Previsión Social,Secretario/a
177,Mercado Castro,Dora Patricia,MC,Mujer,21/10/1957,Derechos de la Niñez y de la Adolescencia,Integrante
177,Mercado Castro,Dora Patricia,MC,Mujer,21/10/1957,Salud,Integrante
177,Mercado Castro,Dora Patricia,MC,Mujer,21/10/1957,Seguridad Social,Integrante
2050,Zepeda Hernández,Juan Manuel,MC,Varón,10/11/1968,Estudios Legislativos,Secretario/a
2050,Zepeda Hernández,Juan Manuel,MC,Varón,10/11/1968,Educación,Integrante
2050,Zepeda Hernández,Juan Manuel,MC,Varón,10/11/1968,Puntos Constitucionales,Integrante
2050,Zepeda Hernández,Juan Manuel,MC,Varón,10/11/1968,Trabajo y Previsión Social,Integrante
241,Abreu Artiñano,Rocío Adriana,MORENA,Mujer,29/05/1974,Jurisdiccional,Presidente/a
241,Abreu Artiñano,Rocío Adriana,MORENA,Mujer,29/05/1974,Energía,Integrante
241,Abreu Artiñano,Rocío Adriana,MORENA,Mujer,29/05/1974,Gobernación,Integrante
241,Abreu Artiñano,Rocío Adriana,MORENA,Mujer,29/05/1974,Hacienda y Crédito Público,Integrante
241,Abreu Artiñano,Rocío Adriana,MORENA,Mujer,29/05/1974,Reglamentos y Prácticas Parlamentarias,Integrante
241,Abreu Artiñano,Rocío Adriana,MORENA,Mujer,29/05/1974,Relaciones Exteriores Europa,Integrante
247,Arias Solís,Cristóbal,MORENA,Varón,10/08/1954,Gobernación,Presidente/a
247,Arias Solís,Cristóbal,MORENA,Varón,10/08/1954,Estudios Legislativos Primera,Integrante
247,Arias Solís,Cristóbal,MORENA,Varón,10/08/1954,Jurisdiccional,Integrante
247,Arias Solís,Cristóbal,MORENA,Varón,10/08/1954,Justicia,Integrante
247,Arias Solís,Cristóbal,MORENA,Varón,10/08/1954,Puntos Constitucionales,Integrante
2075,Armenta Mier,Alejandro,MORENA,Varón,09/07/1969,Hacienda y Crédito Público,Presidente/a
2075,Armenta Mier,Alejandro,MORENA,Varón,09/07/1969,"Agricultura, Ganadería, Pesca y Desarrollo Rural ",Integrante
2075,Armenta Mier,Alejandro,MORENA,Varón,09/07/1969,Economía,Integrante
2075,Armenta Mier,Alejandro,MORENA,Varón,09/07/1969,Federalismo y Desarrollo Municipal,Integrante
2075,Armenta Mier,Alejandro,MORENA,Varón,09/07/1969,Relaciones Exteriores,Integrante
250,Balderas Espinoza,Claudia Esther,MORENA,Mujer,20/08/1991,Juventud y Deporte,Secretario/a
250,Balderas Espinoza,Claudia Esther,MORENA,Mujer,20/08/1991,Ciencia y Tecnología,Integrante
250,Balderas Espinoza,Claudia Esther,MORENA,Mujer,20/08/1991,Comunicaciones y Transportes,Integrante
250,Balderas Espinoza,Claudia Esther,MORENA,Mujer,20/08/1991,Estudios Legislativos Primera,Integrante
271,Batres Guadarrama,Martí,MORENA,Varón,26/01/1967,Para la Igualdad de Género,Integrante
294,Bours Griffith,Arturo,MORENA,Varón,07/04/1955,"Desarrollo Urbano, Ordenamiento Territorial y Vivienda ",Secretario/a
294,Bours Griffith,Arturo,MORENA,Varón,07/04/1955,"Agricultura, Ganadería, Pesca y Desarrollo Rural ",Integrante
294,Bours Griffith,Arturo,MORENA,Varón,07/04/1955,Defensa Nacional,Integrante
294,Bours Griffith,Arturo,MORENA,Varón,07/04/1955,Marina,Integrante
294,Bours Griffith,Arturo,MORENA,Varón,07/04/1955,Puntos Constitucionales,Integrante
294,Bours Griffith,Arturo,MORENA,Varón,07/04/1955,Seguridad Pública,Integrante
296,Caraveo Camarena,Bertha Alicia,MORENA,Mujer,09/01/1954,Asuntos Fronterizos y Migratorios,Presidente/a
296,Caraveo Camarena,Bertha Alicia,MORENA,Mujer,09/01/1954,Ciencia y Tecnología,Integrante
296,Caraveo Camarena,Bertha Alicia,MORENA,Mujer,09/01/1954,Para la Igualdad de Género,Integrante
296,Caraveo Camarena,Bertha Alicia,MORENA,Mujer,09/01/1954,Relaciones Exteriores,Integrante
296,Caraveo Camarena,Bertha Alicia,MORENA,Mujer,09/01/1954,Relaciones Exteriores América del Norte,Integrante
297,Cárdenas Mariscal,María Antonia,MORENA,Mujer,13/06/1958,"Agricultura, Ganadería, Pesca y Desarrollo Rural ",Secretario/a
297,Cárdenas Mariscal,María Antonia,MORENA,Mujer,13/06/1958,Administración,Integrante
297,Cárdenas Mariscal,María Antonia,MORENA,Mujer,13/06/1958,Derechos de la Niñez y de la Adolescencia,Integrante
297,Cárdenas Mariscal,María Antonia,MORENA,Mujer,13/06/1958,Salud,Integrante
297,Cárdenas Mariscal,María Antonia,MORENA,Mujer,13/06/1958,Turismo,Integrante
300,Castro Castro,Imelda,MORENA,Mujer,30/11/1968,Estudios Legislativos Segunda,Secretario/a
300,Castro Castro,Imelda,MORENA,Mujer,30/11/1968,Ciencia y Tecnología,Integrante
300,Castro Castro,Imelda,MORENA,Mujer,30/11/1968,"Desarrollo Urbano, Ordenamiento Territorial y Vivienda ",Integrante
300,Castro Castro,Imelda,MORENA,Mujer,30/11/1968,Economía,Integrante
300,Castro Castro,Imelda,MORENA,Mujer,30/11/1968,Gobernación,Integrante
300,Castro Castro,Imelda,MORENA,Mujer,30/11/1968,Turismo,Integrante
301,Covarrubias Cervantes,Ma. Guadalupe,MORENA,Mujer,08/05/1940,Cultura,Secretario/a
301,Covarrubias Cervantes,Ma. Guadalupe,MORENA,Mujer,08/05/1940,Derechos de la Niñez y de la Adolescencia,Secretario/a
301,Covarrubias Cervantes,Ma. Guadalupe,MORENA,Mujer,08/05/1940,Educación,Integrante
301,Covarrubias Cervantes,Ma. Guadalupe,MORENA,Mujer,08/05/1940,Juventud y Deporte,Integrante
301,Covarrubias Cervantes,Ma. Guadalupe,MORENA,Mujer,08/05/1940,Para la Igualdad de Género,Integrante
307,Dothé Mata,Primo,MORENA,Varón,23/12/1950,Zonas Metropolitanas y Movilidad,Secretario/a
307,Dothé Mata,Primo,MORENA,Varón,23/12/1950,Comunicaciones y Transportes,Integrante
307,Dothé Mata,Primo,MORENA,Varón,23/12/1950,Defensa Nacional,Integrante
307,Dothé Mata,Primo,MORENA,Varón,23/12/1950,Educación,Integrante
307,Dothé Mata,Primo,MORENA,Varón,23/12/1950,Salud,Integrante
307,Dothé Mata,Primo,MORENA,Varón,23/12/1950,Seguridad Pública,Integrante
275,Galaz Caletti,Eva Eugenia,MORENA,Mujer,28/07/1946,Federalismo y Desarrollo Municipal,Secretario/a
275,Galaz Caletti,Eva Eugenia,MORENA,Mujer,28/07/1946,"Medio Ambiente, Recursos Naturales y Cambio Climático ",Integrante
275,Galaz Caletti,Eva Eugenia,MORENA,Mujer,28/07/1946,Recursos Hidráulicos,Integrante
275,Galaz Caletti,Eva Eugenia,MORENA,Mujer,28/07/1946,Salud,Integrante
274,Gómez Urrutia,Napoleón,MORENA,Varón,02/05/1944,Trabajo y Previsión Social,Presidente/a
274,Gómez Urrutia,Napoleón,MORENA,Varón,02/05/1944,Economía,Secretario/a
274,Gómez Urrutia,Napoleón,MORENA,Varón,02/05/1944,Energía,Integrante
274,Gómez Urrutia,Napoleón,MORENA,Varón,02/05/1944,Minería y Desarrollo Regional,Integrante
274,Gómez Urrutia,Napoleón,MORENA,Varón,02/05/1944,Relaciones Exteriores,Integrante
282,González González,María Merced,MORENA,Mujer,02/05/1944,Minería y Desarrollo Regional,Secretario/a
282,González González,María Merced,MORENA,Mujer,02/05/1944,Derechos de la Niñez y de la Adolescencia,Integrante
282,González González,María Merced,MORENA,Mujer,02/05/1944,Estudios Legislativos Segunda,Integrante
282,González González,María Merced,MORENA,Mujer,02/05/1944,Gobernación,Integrante
282,González González,María Merced,MORENA,Mujer,02/05/1944,"Medio Ambiente, Recursos Naturales y Cambio Climático ",Integrante
284,Guadiana Tijerina,Santana Armando,MORENA,Varón,02/03/1946,Energía,Presidente/a
284,Guadiana Tijerina,Santana Armando,MORENA,Varón,02/03/1946,Comunicaciones y Transportes,Integrante
284,Guadiana Tijerina,Santana Armando,MORENA,Varón,02/03/1946,Economía,Integrante
284,Guadiana Tijerina,Santana Armando,MORENA,Varón,02/03/1946,Minería y Desarrollo Regional,Integrante
284,Guadiana Tijerina,Santana Armando,MORENA,Varón,02/03/1946,Recursos Hidráulicos,Integrante
285,Guerrero Sánchez,Martha,MORENA,Mujer,10/05/1968,Estudios Legislativos Primera,Secretario/a
285,Guerrero Sánchez,Martha,MORENA,Mujer,10/05/1968,"Anticorrupción, Transparencia y Participación Ciudadana ",Integrante
285,Guerrero Sánchez,Martha,MORENA,Mujer,10/05/1968,Derechos Humanos,Integrante
285,Guerrero Sánchez,Martha,MORENA,Mujer,10/05/1968,Desarrollo y Bienestar Social,Integrante
285,Guerrero Sánchez,Martha,MORENA,Mujer,10/05/1968,Medalla Belisario Domínguez,Integrante
285,Guerrero Sánchez,Martha,MORENA,Mujer,10/05/1968,Zonas Metropolitanas y Movilidad,Integrante
286,Gutiérrez Castorena,Daniel,MORENA,Varón,20/12/1954,"Radio, Televisión y Cinematografía ",Secretario/a
286,Gutiérrez Castorena,Daniel,MORENA,Varón,20/12/1954,"Anticorrupción, Transparencia y Participación Ciudadana ",Integrante
286,Gutiérrez Castorena,Daniel,MORENA,Varón,20/12/1954,Educación,Integrante
286,Gutiérrez Castorena,Daniel,MORENA,Varón,20/12/1954,Relaciones Exteriores Asia - Pacífico - África,Integrante
286,Gutiérrez Castorena,Daniel,MORENA,Varón,20/12/1954,Trabajo y Previsión Social,Integrante
287,Harp Iturribarría,Susana,MORENA,Mujer,20/12/1954,Cultura,Presidente/a
287,Harp Iturribarría,Susana,MORENA,Mujer,20/12/1954,Asuntos Fronterizos y Migratorios,Integrante
287,Harp Iturribarría,Susana,MORENA,Mujer,20/12/1954,Asuntos Indígenas,Integrante
287,Harp Iturribarría,Susana,MORENA,Mujer,20/12/1954,Medalla Belisario Domínguez,Integrante
287,Harp Iturribarría,Susana,MORENA,Mujer,20/12/1954,"Medio Ambiente, Recursos Naturales y Cambio Climático ",Integrante
287,Harp Iturribarría,Susana,MORENA,Mujer,20/12/1954,Relaciones Exteriores Asia - Pacífico - África,Integrante
288,Hernández Mora,Minerva Citlalli,MORENA,Mujer,29/04/1990,"Anticorrupción, Transparencia y Participación Ciudadana ",Secretario/a
288,Hernández Mora,Minerva Citlalli,MORENA,Mujer,29/04/1990,Derechos Humanos,Integrante
288,Hernández Mora,Minerva Citlalli,MORENA,Mujer,29/04/1990,Juventud y Deporte,Integrante
288,Hernández Mora,Minerva Citlalli,MORENA,Mujer,29/04/1990,Relaciones Exteriores América Latina y el Caribe,Integrante
288,Hernández Mora,Minerva Citlalli,MORENA,Mujer,29/04/1990,Trabajo y Previsión Social,Integrante
288,Hernández Mora,Minerva Citlalli,MORENA,Mujer,29/04/1990,Zonas Metropolitanas y Movilidad,Integrante
235,Jiménez Yáñez,Juan José,MORENA,Varón,01/12/1976,Medalla Belisario Domínguez,Secretario/a
235,Jiménez Yáñez,Juan José,MORENA,Varón,01/12/1976,Administración,Integrante
235,Jiménez Yáñez,Juan José,MORENA,Varón,01/12/1976,Ciencia y Tecnología,Integrante
235,Jiménez Yáñez,Juan José,MORENA,Varón,01/12/1976,Economía,Integrante
235,Jiménez Yáñez,Juan José,MORENA,Varón,01/12/1976,Gobernación,Integrante
235,Jiménez Yáñez,Juan José,MORENA,Varón,01/12/1976,Recursos Hidráulicos,Integrante
184,Luévano Cantú,María Soledad,MORENA,Mujer,26/03/1959,Administración,Presidente/a
184,Luévano Cantú,María Soledad,MORENA,Mujer,26/03/1959,"Anticorrupción, Transparencia y Participación Ciudadana ",Integrante
184,Luévano Cantú,María Soledad,MORENA,Mujer,26/03/1959,Estudios Legislativos Primera,Integrante
184,Luévano Cantú,María Soledad,MORENA,Mujer,26/03/1959,Puntos Constitucionales,Integrante
184,Luévano Cantú,María Soledad,MORENA,Mujer,26/03/1959,Relaciones Exteriores Europa,Integrante
184,Luévano Cantú,María Soledad,MORENA,Mujer,26/03/1959,Turismo,Integrante
2078,Martínez Cázares,Germán,MORENA,Varón,20/06/1967,Minería y Desarrollo Regional,Secretario/a
2078,Martínez Cázares,Germán,MORENA,Varón,20/06/1967,Justicia,Integrante
2078,Martínez Cázares,Germán,MORENA,Varón,20/06/1967,Seguridad Social,Integrante
2078,Martínez Cázares,Germán,MORENA,Varón,20/06/1967,Trabajo y Previsión Social,Integrante
192,Martínez Hernández,Ifigenia Martha,MORENA,Mujer,16/06/1925,Reglamentos y Prácticas Parlamentarias,Secretario/a
192,Martínez Hernández,Ifigenia Martha,MORENA,Mujer,16/06/1925,Economía,Integrante
192,Martínez Hernández,Ifigenia Martha,MORENA,Mujer,16/06/1925,Federalismo y Desarrollo Municipal,Integrante
192,Martínez Hernández,Ifigenia Martha,MORENA,Mujer,16/06/1925,Hacienda y Crédito Público,Integrante
192,Martínez Hernández,Ifigenia Martha,MORENA,Mujer,16/06/1925,Relaciones Exteriores,Integrante
190,Martínez Miranda,Higinio,MORENA,Varón,18/06/1956,Comunicaciones y Transportes,Presidente/a
190,Martínez Miranda,Higinio,MORENA,Varón,18/06/1956,Cultura,Integrante
190,Martínez Miranda,Higinio,MORENA,Varón,18/06/1956,Marina,Integrante
190,Martínez Miranda,Higinio,MORENA,Varón,18/06/1956,Puntos Constitucionales,Integrante
194,Menchaca Salazar,Julio Ramón,MORENA,Varón,27/12/1959,Justicia,Presidente/a
187,Méndez Ortiz,Casimiro,MORENA,Varón,07/11/1977,Asuntos Indígenas,Secretario/a
187,Méndez Ortiz,Casimiro,MORENA,Varón,07/11/1977,Cultura,Integrante
187,Méndez Ortiz,Casimiro,MORENA,Varón,07/11/1977,Desarrollo y Bienestar Social,Integrante
187,Méndez Ortiz,Casimiro,MORENA,Varón,07/11/1977,Economía,Integrante
187,Méndez Ortiz,Casimiro,MORENA,Varón,07/11/1977,Educación,Integrante
168,Meza Guzmán,Lucía Virginia,MORENA,Mujer,13/12/1975,Juventud y Deporte,Presidente/a
168,Meza Guzmán,Lucía Virginia,MORENA,Mujer,13/12/1975,Administración,Integrante
168,Meza Guzmán,Lucía Virginia,MORENA,Mujer,13/12/1975,Defensa Nacional,Integrante
168,Meza Guzmán,Lucía Virginia,MORENA,Mujer,13/12/1975,Hacienda y Crédito Público,Integrante
168,Meza Guzmán,Lucía Virginia,MORENA,Mujer,13/12/1975,Justicia,Integrante
168,Meza Guzmán,Lucía Virginia,MORENA,Mujer,13/12/1975,Seguridad Pública,Integrante
176,Micher Camarena,Martha Lucía,MORENA,Mujer,11/02/1954,Para la Igualdad de Género,Presidente/a
176,Micher Camarena,Martha Lucía,MORENA,Mujer,11/02/1954,Derechos Humanos,Integrante
176,Micher Camarena,Martha Lucía,MORENA,Mujer,11/02/1954,"Desarrollo Urbano, Ordenamiento Territorial y Vivienda ",Integrante
176,Micher Camarena,Martha Lucía,MORENA,Mujer,11/02/1954,Relaciones Exteriores,Integrante
176,Micher Camarena,Martha Lucía,MORENA,Mujer,11/02/1954,Salud,Integrante
160,Molina Ramírez,Joel,MORENA,Varón,11/02/1954,Seguridad Social,Secretario/a
160,Molina Ramírez,Joel,MORENA,Varón,11/02/1954,Comunicaciones y Transportes,Integrante
160,Molina Ramírez,Joel,MORENA,Varón,11/02/1954,Desarrollo y Bienestar Social,Integrante
160,Molina Ramírez,Joel,MORENA,Varón,11/02/1954,Estudios Legislativos Segunda,Integrante
160,Molina Ramírez,Joel,MORENA,Varón,11/02/1954,Puntos Constitucionales,Integrante
160,Molina Ramírez,Joel,MORENA,Varón,11/02/1954,Seguridad Pública,Integrante
166,Narro Céspedes,José,MORENA,Varón,17/01/1959,"Agricultura, Ganadería, Pesca y Desarrollo Rural ",Presidente/a
166,Narro Céspedes,José,MORENA,Varón,17/01/1959,Gobernación,Integrante
166,Narro Céspedes,José,MORENA,Varón,17/01/1959,Hacienda y Crédito Público,Integrante
166,Narro Céspedes,José,MORENA,Varón,17/01/1959,Puntos Constitucionales,Integrante
166,Narro Céspedes,José,MORENA,Varón,17/01/1959,Relaciones Exteriores América del Norte,Integrante
167,Navarro Quintero,Miguel Ángel,MORENA,Varón,11/01/1951,Salud,Presidente/a
167,Navarro Quintero,Miguel Ángel,MORENA,Varón,11/01/1951,Administración,Integrante
167,Navarro Quintero,Miguel Ángel,MORENA,Varón,11/01/1951,Derechos Humanos,Integrante
167,Navarro Quintero,Miguel Ángel,MORENA,Varón,11/01/1951,Reforma Agraria,Integrante
167,Navarro Quintero,Miguel Ángel,MORENA,Varón,11/01/1951,Turismo,Integrante
169,Novelo Osuna,Gerardo,MORENA,Varón,11/01/1951,Asuntos Fronterizos y Migratorios,Secretario/a
169,Novelo Osuna,Gerardo,MORENA,Varón,11/01/1951,"Agricultura, Ganadería, Pesca y Desarrollo Rural ",Integrante
169,Novelo Osuna,Gerardo,MORENA,Varón,11/01/1951,Desarrollo y Bienestar Social,Integrante
169,Novelo Osuna,Gerardo,MORENA,Varón,11/01/1951,Economía,Integrante
169,Novelo Osuna,Gerardo,MORENA,Varón,11/01/1951,Turismo,Integrante
173,Ostoa Ortega,Aníbal,MORENA,Varón,10/05/1949,Relaciones Exteriores Asia - Pacífico - África,Secretario/a
173,Ostoa Ortega,Aníbal,MORENA,Varón,10/05/1949,Desarrollo y Bienestar Social,Integrante
173,Ostoa Ortega,Aníbal,MORENA,Varón,10/05/1949,Educación,Integrante
173,Ostoa Ortega,Aníbal,MORENA,Varón,10/05/1949,Energía,Integrante
173,Ostoa Ortega,Aníbal,MORENA,Varón,10/05/1949,Trabajo y Previsión Social,Integrante
196,Pech Várguez,José Luis,MORENA,Varón,25/01/1954,Ciencia y Tecnología,Secretario/a
196,Pech Várguez,José Luis,MORENA,Varón,25/01/1954,Relaciones Exteriores Europa,Secretario/a
196,Pech Várguez,José Luis,MORENA,Varón,25/01/1954,Hacienda y Crédito Público,Integrante
196,Pech Várguez,José Luis,MORENA,Varón,25/01/1954,Relaciones Exteriores Asia - Pacífico - África,Integrante
196,Pech Várguez,José Luis,MORENA,Varón,25/01/1954,Turismo,Integrante
197,Peña Villa,José Alejandro,MORENA,Varón,25/01/1954,Desarrollo y Bienestar Social,Secretario/a
197,Peña Villa,José Alejandro,MORENA,Varón,25/01/1954,"Desarrollo Urbano, Ordenamiento Territorial y Vivienda ",Integrante
197,Peña Villa,José Alejandro,MORENA,Varón,25/01/1954,Puntos Constitucionales,Integrante
197,Peña Villa,José Alejandro,MORENA,Varón,25/01/1954,Seguridad Pública,Integrante
197,Peña Villa,José Alejandro,MORENA,Varón,25/01/1954,Zonas Metropolitanas y Movilidad,Integrante
207,Peralta Suárez,Ovidio Salvador,MORENA,Varón,10/02/1982,Reforma Agraria,Secretario/a
207,Peralta Suárez,Ovidio Salvador,MORENA,Varón,10/02/1982,"Agricultura, Ganadería, Pesca y Desarrollo Rural ",Integrante
207,Peralta Suárez,Ovidio Salvador,MORENA,Varón,10/02/1982,Desarrollo y Bienestar Social,Integrante
207,Peralta Suárez,Ovidio Salvador,MORENA,Varón,10/02/1982,Energía,Integrante
207,Peralta Suárez,Ovidio Salvador,MORENA,Varón,10/02/1982,Hacienda y Crédito Público,Integrante
207,Peralta Suárez,Ovidio Salvador,MORENA,Varón,10/02/1982,Recursos Hidráulicos,Integrante
2076,Pérez Astorga,Ernesto,MORENA,Varón,08/08/1962,Relaciones Exteriores Asia - Pacífico - África,Secretario/a
2076,Pérez Astorga,Ernesto,MORENA,Varón,08/08/1962,"Agricultura, Ganadería, Pesca y Desarrollo Rural ",Integrante
2076,Pérez Astorga,Ernesto,MORENA,Varón,08/08/1962,Economía,Integrante
2076,Pérez Astorga,Ernesto,MORENA,Varón,08/08/1962,Hacienda y Crédito Público,Integrante
2076,Pérez Astorga,Ernesto,MORENA,Varón,08/08/1962,Justicia,Integrante
219,Pérez Cuellar,Cruz,MORENA,Varón,16/01/1969,"Radio, Televisión y Cinematografía ",Presidente/a
219,Pérez Cuellar,Cruz,MORENA,Varón,16/01/1969,Estudios Legislativos,Secretario/a
219,Pérez Cuellar,Cruz,MORENA,Varón,16/01/1969,"Agricultura, Ganadería, Pesca y Desarrollo Rural ",Integrante
219,Pérez Cuellar,Cruz,MORENA,Varón,16/01/1969,Comunicaciones y Transportes,Integrante
219,Pérez Cuellar,Cruz,MORENA,Varón,16/01/1969,Energía,Integrante
219,Pérez Cuellar,Cruz,MORENA,Varón,16/01/1969,Justicia,Integrante
219,Pérez Cuellar,Cruz,MORENA,Varón,16/01/1969,Turismo,Integrante
220,Piña Gudiño,Blanca Estela,MORENA,Mujer,28/12/1955,Para la Igualdad de Género,Secretario/a
220,Piña Gudiño,Blanca Estela,MORENA,Mujer,28/12/1955,Cultura,Integrante
220,Piña Gudiño,Blanca Estela,MORENA,Mujer,28/12/1955,Educación,Integrante
220,Piña Gudiño,Blanca Estela,MORENA,Mujer,28/12/1955,Relaciones Exteriores América Latina y el Caribe,Integrante
220,Piña Gudiño,Blanca Estela,MORENA,Mujer,28/12/1955,Trabajo y Previsión Social,Integrante
223,Ramírez Aguilar,Oscar Eduardo,MORENA,Varón,13/10/1977,Puntos Constitucionales,Presidente/a
223,Ramírez Aguilar,Oscar Eduardo,MORENA,Varón,13/10/1977,Gobernación,Integrante
223,Ramírez Aguilar,Oscar Eduardo,MORENA,Varón,13/10/1977,Jurisdiccional,Integrante
223,Ramírez Aguilar,Oscar Eduardo,MORENA,Varón,13/10/1977,Medalla Belisario Domínguez,Integrante
227,Rivera Rivera,Ana Lilia,MORENA,Mujer,14/02/1975,Estudios Legislativos Segunda,Presidente/a
227,Rivera Rivera,Ana Lilia,MORENA,Mujer,14/02/1975,"Anticorrupción, Transparencia y Participación Ciudadana ",Integrante
227,Rivera Rivera,Ana Lilia,MORENA,Mujer,14/02/1975,Cultura,Integrante
227,Rivera Rivera,Ana Lilia,MORENA,Mujer,14/02/1975,Justicia,Integrante
228,Rocha Moya,Rubén,MORENA,Varón,15/06/1949,Educación,Presidente/a
228,Rocha Moya,Rubén,MORENA,Varón,15/06/1949,Derechos de la Niñez y de la Adolescencia,Integrante
228,Rocha Moya,Rubén,MORENA,Varón,15/06/1949,Estudios Legislativos,Integrante
228,Rocha Moya,Rubén,MORENA,Varón,15/06/1949,Recursos Hidráulicos,Integrante
228,Rocha Moya,Rubén,MORENA,Varón,15/06/1949,Reglamentos y Prácticas Parlamentarias,Integrante
229,Rodríguez Ramírez,Laura Ma. de Jesús,MORENA,Mujer,15/06/1949,Medalla Belisario Domínguez,Secretario/a
229,Rodríguez Ramírez,Laura Ma. de Jesús,MORENA,Mujer,15/06/1949,"Agricultura, Ganadería, Pesca y Desarrollo Rural ",Integrante
229,Rodríguez Ramírez,Laura Ma. de Jesús,MORENA,Mujer,15/06/1949,Estudios Legislativos Segunda,Integrante
229,Rodríguez Ramírez,Laura Ma. de Jesús,MORENA,Mujer,15/06/1949,Gobernación,Integrante
229,Rodríguez Ramírez,Laura Ma. de Jesús,MORENA,Mujer,15/06/1949,Para la Igualdad de Género,Integrante
229,Rodríguez Ramírez,Laura Ma. de Jesús,MORENA,Mujer,15/06/1949,Salud,Integrante
218,Salazar Solorio,Radamés,MORENA,Varón,08/03/1974,Relaciones Exteriores Europa,Secretario/a
218,Salazar Solorio,Radamés,MORENA,Varón,08/03/1974,Defensa Nacional,Integrante
218,Salazar Solorio,Radamés,MORENA,Varón,08/03/1974,"Desarrollo Urbano, Ordenamiento Territorial y Vivienda ",Integrante
218,Salazar Solorio,Radamés,MORENA,Varón,08/03/1974,Minería y Desarrollo Regional,Integrante
218,Salazar Solorio,Radamés,MORENA,Varón,08/03/1974,Seguridad Social,Integrante
216,Salgado García,Nestora,MORENA,Mujer,28/02/1972,Derechos Humanos,Secretario/a
216,Salgado García,Nestora,MORENA,Mujer,28/02/1972,Asuntos Fronterizos y Migratorios,Integrante
216,Salgado García,Nestora,MORENA,Mujer,28/02/1972,Asuntos Indígenas,Integrante
216,Salgado García,Nestora,MORENA,Mujer,28/02/1972,Estudios Legislativos,Integrante
216,Salgado García,Nestora,MORENA,Mujer,28/02/1972,Relaciones Exteriores América del Norte,Integrante
216,Salgado García,Nestora,MORENA,Mujer,28/02/1972,Trabajo y Previsión Social,Integrante
215,Salgado Macedonio,José Félix,MORENA,Varón,14/01/1957,Defensa Nacional,Presidente/a
215,Salgado Macedonio,José Félix,MORENA,Varón,14/01/1957,"Anticorrupción, Transparencia y Participación Ciudadana ",Integrante
215,Salgado Macedonio,José Félix,MORENA,Varón,14/01/1957,Estudios Legislativos Segunda,Integrante
215,Salgado Macedonio,José Félix,MORENA,Varón,14/01/1957,Relaciones Exteriores América Latina y el Caribe,Integrante
215,Salgado Macedonio,José Félix,MORENA,Varón,14/01/1957,Seguridad Social,Integrante
199,Sánchez García,Cecilia Margarita,MORENA,Mujer,23/11/1959,Turismo,Secretario/a
199,Sánchez García,Cecilia Margarita,MORENA,Mujer,23/11/1959,"Anticorrupción, Transparencia y Participación Ciudadana ",Integrante
199,Sánchez García,Cecilia Margarita,MORENA,Mujer,23/11/1959,Energía,Integrante
199,Sánchez García,Cecilia Margarita,MORENA,Mujer,23/11/1959,Seguridad Social,Integrante
200,Sánchez Hernández,Gloria,MORENA,Mujer,12/05/1946,Recursos Hidráulicos,Secretario/a
200,Sánchez Hernández,Gloria,MORENA,Mujer,12/05/1946,Administración,Integrante
200,Sánchez Hernández,Gloria,MORENA,Mujer,12/05/1946,Energía,Integrante
200,Sánchez Hernández,Gloria,MORENA,Mujer,12/05/1946,Marina,Integrante
200,Sánchez Hernández,Gloria,MORENA,Mujer,12/05/1946,Relaciones Exteriores América Latina y el Caribe,Integrante
201,Téllez García,María Lilly del Carmen,MORENA,Mujer,14/11/1967,Marina,Secretario/a
201,Téllez García,María Lilly del Carmen,MORENA,Mujer,14/11/1967,Derechos de la Niñez y de la Adolescencia,Integrante
201,Téllez García,María Lilly del Carmen,MORENA,Mujer,14/11/1967,Minería y Desarrollo Regional,Integrante
202,Trasviña Waldenrath,Jesús Lucía,MORENA,Mujer,23/12/1954,Seguridad Pública,Presidente/a
202,Trasviña Waldenrath,Jesús Lucía,MORENA,Mujer,23/12/1954,Defensa Nacional,Integrante
202,Trasviña Waldenrath,Jesús Lucía,MORENA,Mujer,23/12/1954,Justicia,Integrante
202,Trasviña Waldenrath,Jesús Lucía,MORENA,Mujer,23/12/1954,"Medio Ambiente, Recursos Naturales y Cambio Climático ",Integrante
202,Trasviña Waldenrath,Jesús Lucía,MORENA,Mujer,23/12/1954,Trabajo y Previsión Social,Integrante
203,Valdez Martínez,Lilia Margarita,MORENA,Mujer,23/12/1954,Derechos de la Niñez y de la Adolescencia,Secretario/a
203,Valdez Martínez,Lilia Margarita,MORENA,Mujer,23/12/1954,Estudios Legislativos Primera,Integrante
203,Valdez Martínez,Lilia Margarita,MORENA,Mujer,23/12/1954,"Radio, Televisión y Cinematografía ",Integrante
203,Valdez Martínez,Lilia Margarita,MORENA,Mujer,23/12/1954,Salud,Integrante
203,Valdez Martínez,Lilia Margarita,MORENA,Mujer,23/12/1954,Seguridad Social,Integrante
204,Valencia de la Mora,Gricelda,MORENA,Mujer,23/12/1954,Seguridad Social,Presidente/a
204,Valencia de la Mora,Gricelda,MORENA,Mujer,23/12/1954,Ciencia y Tecnología,Integrante
204,Valencia de la Mora,Gricelda,MORENA,Mujer,23/12/1954,Comunicaciones y Transportes,Integrante
204,Valencia de la Mora,Gricelda,MORENA,Mujer,23/12/1954,Juventud y Deporte,Integrante
204,Valencia de la Mora,Gricelda,MORENA,Mujer,23/12/1954,Relaciones Exteriores América del Norte,Integrante
205,Vasconcelos,Héctor Enrique,MORENA,Varón,1945,Relaciones Exteriores,Presidente/a
205,Vasconcelos,Héctor Enrique,MORENA,Varón,1945,Relaciones Exteriores América del Norte,Integrante
205,Vasconcelos,Héctor Enrique,MORENA,Varón,1945,Relaciones Exteriores América Latina y el Caribe,Integrante
205,Vasconcelos,Héctor Enrique,MORENA,Varón,1945,Relaciones Exteriores Europa,Integrante
198,Vázquez Alatorre,Antares Guadalupe,MORENA,Mujer,05/06/1964,Relaciones Exteriores América Latina y el Caribe,Secretario/a
198,Vázquez Alatorre,Antares Guadalupe,MORENA,Mujer,05/06/1964,Ciencia y Tecnología,Integrante
198,Vázquez Alatorre,Antares Guadalupe,MORENA,Mujer,05/06/1964,Derechos Humanos,Integrante
198,Vázquez Alatorre,Antares Guadalupe,MORENA,Mujer,05/06/1964,Educación,Integrante
198,Vázquez Alatorre,Antares Guadalupe,MORENA,Mujer,05/06/1964,Salud,Integrante
208,Velázquez Meza,Ricardo,MORENA,Varón,20/11/2019,"Medio Ambiente, Recursos Naturales y Cambio Climático ",Secretario/a
208,Velázquez Meza,Ricardo,MORENA,Varón,20/11/2019,"Desarrollo Urbano, Ordenamiento Territorial y Vivienda ",Integrante
208,Velázquez Meza,Ricardo,MORENA,Varón,20/11/2019,Estudios Legislativos,Integrante
208,Velázquez Meza,Ricardo,MORENA,Varón,20/11/2019,Reforma Agraria,Integrante
208,Velázquez Meza,Ricardo,MORENA,Varón,20/11/2019,Relaciones Exteriores Europa,Integrante
208,Velázquez Meza,Ricardo,MORENA,Varón,20/11/2019,Seguridad Pública,Integrante
209,Villarreal Anaya,Américo,MORENA,Varón,23/05/1958,"Radio, Televisión y Cinematografía ",Secretario/a
209,Villarreal Anaya,Américo,MORENA,Varón,23/05/1958,Relaciones Exteriores América del Norte,Secretario/a
209,Villarreal Anaya,Américo,MORENA,Varón,23/05/1958,Energía,Integrante
209,Villarreal Anaya,Américo,MORENA,Varón,23/05/1958,Marina,Integrante
209,Villarreal Anaya,Américo,MORENA,Varón,23/05/1958,Salud,Integrante
210,Villegas Canché,Freyda Marybel,MORENA,Mujer,28/09/1975,Recursos Hidráulicos,Secretario/a
210,Villegas Canché,Freyda Marybel,MORENA,Mujer,28/09/1975,Comunicaciones y Transportes,Integrante
210,Villegas Canché,Freyda Marybel,MORENA,Mujer,28/09/1975,Hacienda y Crédito Público,Integrante
210,Villegas Canché,Freyda Marybel,MORENA,Mujer,28/09/1975,"Medio Ambiente, Recursos Naturales y Cambio Climático ",Integrante
210,Villegas Canché,Freyda Marybel,MORENA,Mujer,28/09/1975,Relaciones Exteriores,Integrante
283,Bermúdez Méndez,José Erandi,PAN,Varón,15/03/1977,Estudios Legislativos Segunda,Secretario/a
283,Bermúdez Méndez,José Erandi,PAN,Varón,15/03/1977,Jurisdiccional,Secretario/a
283,Bermúdez Méndez,José Erandi,PAN,Varón,15/03/1977,"Agricultura, Ganadería, Pesca y Desarrollo Rural ",Integrante
283,Bermúdez Méndez,José Erandi,PAN,Varón,15/03/1977,"Radio, Televisión y Cinematografía ",Integrante
283,Bermúdez Méndez,José Erandi,PAN,Varón,15/03/1977,Relaciones Exteriores Europa,Integrante
302,Cruz Blackledge,Gina Andrea,PAN,Mujer,08/07/1969,Relaciones Exteriores América del Norte,Presidente/a
302,Cruz Blackledge,Gina Andrea,PAN,Mujer,08/07/1969,Asuntos Fronterizos y Migratorios,Integrante
302,Cruz Blackledge,Gina Andrea,PAN,Mujer,08/07/1969,Derechos Humanos,Integrante
302,Cruz Blackledge,Gina Andrea,PAN,Mujer,08/07/1969,Estudios Legislativos,Integrante
302,Cruz Blackledge,Gina Andrea,PAN,Mujer,08/07/1969,Federalismo y Desarrollo Municipal,Integrante
302,Cruz Blackledge,Gina Andrea,PAN,Mujer,08/07/1969,Relaciones Exteriores,Integrante
290,Fuentes Solís,Víctor Oswaldo,PAN,Varón,27/05/1975,"Desarrollo Urbano, Ordenamiento Territorial y Vivienda ",Presidente/a
290,Fuentes Solís,Víctor Oswaldo,PAN,Varón,27/05/1975,Cultura,Integrante
290,Fuentes Solís,Víctor Oswaldo,PAN,Varón,27/05/1975,Marina,Integrante
290,Fuentes Solís,Víctor Oswaldo,PAN,Varón,27/05/1975,"Radio, Televisión y Cinematografía ",Integrante
290,Fuentes Solís,Víctor Oswaldo,PAN,Varón,27/05/1975,Zonas Metropolitanas y Movilidad,Integrante
276,Gálvez Ruiz,Bertha Xóchitl,PAN,Mujer,22/02/1963,"Anticorrupción, Transparencia y Participación Ciudadana ",Secretario/a
276,Gálvez Ruiz,Bertha Xóchitl,PAN,Mujer,22/02/1963,Asuntos Indígenas,Secretario/a
276,Gálvez Ruiz,Bertha Xóchitl,PAN,Mujer,22/02/1963,Energía,Integrante
276,Gálvez Ruiz,Bertha Xóchitl,PAN,Mujer,22/02/1963,"Medio Ambiente, Recursos Naturales y Cambio Climático ",Integrante
276,Gálvez Ruiz,Bertha Xóchitl,PAN,Mujer,22/02/1963,Reforma Agraria,Integrante
276,Gálvez Ruiz,Bertha Xóchitl,PAN,Mujer,22/02/1963,Zonas Metropolitanas y Movilidad,Integrante
277,Gama Basarte,Marco Antonio,PAN,Varón,18/10/1970,Comunicaciones y Transportes,Secretario/a
277,Gama Basarte,Marco Antonio,PAN,Varón,18/10/1970,Asuntos Indígenas,Integrante
277,Gama Basarte,Marco Antonio,PAN,Varón,18/10/1970,Educación,Integrante
277,Gama Basarte,Marco Antonio,PAN,Varón,18/10/1970,Jurisdiccional,Integrante
277,Gama Basarte,Marco Antonio,PAN,Varón,18/10/1970,Relaciones Exteriores América Latina y el Caribe,Integrante
277,Gama Basarte,Marco Antonio,PAN,Varón,18/10/1970,Salud,Integrante
278,García Cabeza de Vaca,Ismael,PAN,Varón,04/11/1972,Marina,Secretario/a
278,García Cabeza de Vaca,Ismael,PAN,Varón,04/11/1972,Seguridad Pública,Secretario/a
278,García Cabeza de Vaca,Ismael,PAN,Varón,04/11/1972,Defensa Nacional,Integrante
278,García Cabeza de Vaca,Ismael,PAN,Varón,04/11/1972,Energía,Integrante
289,Hernández Ramos,Minerva,PAN,Mujer,15/09/1969,Educación,Secretario/a
289,Hernández Ramos,Minerva,PAN,Mujer,15/09/1969,Hacienda y Crédito Público,Secretario/a
289,Hernández Ramos,Minerva,PAN,Mujer,15/09/1969,Administración,Integrante
289,Hernández Ramos,Minerva,PAN,Mujer,15/09/1969,Economía,Integrante
233,Kuri González,Mauricio,PAN,Varón,09/05/1969,Ciencia y Tecnología,Integrante
233,Kuri González,Mauricio,PAN,Varón,09/05/1969,Derechos Humanos,Integrante
182,López Rabadán,Kenia,PAN,Mujer,25/10/1974,Derechos Humanos,Presidente/a
182,López Rabadán,Kenia,PAN,Mujer,25/10/1974,Defensa Nacional,Integrante
182,López Rabadán,Kenia,PAN,Mujer,25/10/1974,Estudios Legislativos Primera,Integrante
182,López Rabadán,Kenia,PAN,Mujer,25/10/1974,Para la Igualdad de Género,Integrante
182,López Rabadán,Kenia,PAN,Mujer,25/10/1974,Trabajo y Previsión Social,Integrante
185,Madero Muñoz,Gustavo Enrique,PAN,Varón,16/12/1955,Economía,Presidente/a
185,Madero Muñoz,Gustavo Enrique,PAN,Varón,16/12/1955,Ciencia y Tecnología,Integrante
185,Madero Muñoz,Gustavo Enrique,PAN,Varón,16/12/1955,Desarrollo y Bienestar Social,Integrante
185,Madero Muñoz,Gustavo Enrique,PAN,Varón,16/12/1955,Hacienda y Crédito Público,Integrante
185,Madero Muñoz,Gustavo Enrique,PAN,Varón,16/12/1955,Relaciones Exteriores América del Norte,Integrante
185,Madero Muñoz,Gustavo Enrique,PAN,Varón,16/12/1955,Relaciones Exteriores América Latina y el Caribe,Integrante
186,Márquez Alvarado,Martha Cecilia,PAN,Mujer,29/07/1984,Salud,Secretario/a
186,Márquez Alvarado,Martha Cecilia,PAN,Mujer,29/07/1984,"Anticorrupción, Transparencia y Participación Ciudadana ",Integrante
186,Márquez Alvarado,Martha Cecilia,PAN,Mujer,29/07/1984,Derechos de la Niñez y de la Adolescencia,Integrante
186,Márquez Alvarado,Martha Cecilia,PAN,Mujer,29/07/1984,Hacienda y Crédito Público,Integrante
186,Márquez Alvarado,Martha Cecilia,PAN,Mujer,29/07/1984,Juventud y Deporte,Integrante
188,Martín del Campo Martín del Campo,Juan Antonio,PAN,Varón,07/02/1972,"Agricultura, Ganadería, Pesca y Desarrollo Rural ",Secretario/a
188,Martín del Campo Martín del Campo,Juan Antonio,PAN,Varón,07/02/1972,Administración,Integrante
188,Martín del Campo Martín del Campo,Juan Antonio,PAN,Varón,07/02/1972,Comunicaciones y Transportes,Integrante
188,Martín del Campo Martín del Campo,Juan Antonio,PAN,Varón,07/02/1972,Recursos Hidráulicos,Integrante
191,Martínez Simón,Mayuli Latifa,PAN,Mujer,13/01/1982,Estudios Legislativos Primera,Presidente/a
191,Martínez Simón,Mayuli Latifa,PAN,Mujer,13/01/1982,Relaciones Exteriores Asia - Pacífico - África,Integrante
191,Martínez Simón,Mayuli Latifa,PAN,Mujer,13/01/1982,Seguridad Social,Integrante
191,Martínez Simón,Mayuli Latifa,PAN,Mujer,13/01/1982,Trabajo y Previsión Social,Integrante
191,Martínez Simón,Mayuli Latifa,PAN,Mujer,13/01/1982,Turismo,Integrante
163,Moya Clemente,Roberto Juan,PAN,Varón,11/02/1954,Comunicaciones y Transportes,Integrante
163,Moya Clemente,Roberto Juan,PAN,Varón,11/02/1954,Cultura,Integrante
163,Moya Clemente,Roberto Juan,PAN,Varón,11/02/1954,Hacienda y Crédito Público,Integrante
163,Moya Clemente,Roberto Juan,PAN,Varón,11/02/1954,Minería y Desarrollo Regional,Integrante
163,Moya Clemente,Roberto Juan,PAN,Varón,11/02/1954,Relaciones Exteriores Europa,Integrante
159,Navarro Acevedo,Nadia,PAN,Mujer,17/01/1959,Gobernación,Secretario/a
159,Navarro Acevedo,Nadia,PAN,Mujer,17/01/1959,Justicia,Integrante
159,Navarro Acevedo,Nadia,PAN,Mujer,17/01/1959,Para la Igualdad de Género,Integrante
159,Navarro Acevedo,Nadia,PAN,Mujer,17/01/1959,Relaciones Exteriores,Integrante
159,Navarro Acevedo,Nadia,PAN,Mujer,17/01/1959,Relaciones Exteriores América del Norte,Integrante
159,Navarro Acevedo,Nadia,PAN,Mujer,17/01/1959,Relaciones Exteriores América Latina y el Caribe,Integrante
159,Navarro Acevedo,Nadia,PAN,Mujer,17/01/1959,Seguridad Social,Integrante
171,Núñez Sánchez,Gloria Elizabeth,PAN,Mujer,20/03/1984,Cultura,Secretario/a
171,Núñez Sánchez,Gloria Elizabeth,PAN,Mujer,20/03/1984,Turismo,Secretario/a
171,Núñez Sánchez,Gloria Elizabeth,PAN,Mujer,20/03/1984,"Anticorrupción, Transparencia y Participación Ciudadana ",Integrante
171,Núñez Sánchez,Gloria Elizabeth,PAN,Mujer,20/03/1984,"Desarrollo Urbano, Ordenamiento Territorial y Vivienda ",Integrante
171,Núñez Sánchez,Gloria Elizabeth,PAN,Mujer,20/03/1984,Desarrollo y Bienestar Social,Integrante
171,Núñez Sánchez,Gloria Elizabeth,PAN,Mujer,20/03/1984,Marina,Integrante
195,Paz Alonzo,Raúl,PAN,Varón,21/02/1976,Recursos Hidráulicos,Presidente/a
195,Paz Alonzo,Raúl,PAN,Varón,21/02/1976,Energía,Integrante
195,Paz Alonzo,Raúl,PAN,Varón,21/02/1976,Seguridad Pública,Integrante
195,Paz Alonzo,Raúl,PAN,Varón,21/02/1976,Turismo,Integrante
225,Rementería del Puerto,Julen,PAN,Varón,21/07/1961,Reglamentos y Prácticas Parlamentarias,Presidente/a
225,Rementería del Puerto,Julen,PAN,Varón,21/07/1961,Energía,Secretario/a
225,Rementería del Puerto,Julen,PAN,Varón,21/07/1961,Comunicaciones y Transportes,Integrante
225,Rementería del Puerto,Julen,PAN,Varón,21/07/1961,Puntos Constitucionales,Integrante
225,Rementería del Puerto,Julen,PAN,Varón,21/07/1961,Recursos Hidráulicos,Integrante
226,Reynoso Sánchez,Alejandra Noemí,PAN,Mujer,21/04/1975,Relaciones Exteriores,Secretario/a
226,Reynoso Sánchez,Alejandra Noemí,PAN,Mujer,21/04/1975,Asuntos Fronterizos y Migratorios,Integrante
226,Reynoso Sánchez,Alejandra Noemí,PAN,Mujer,21/04/1975,Economía,Integrante
226,Reynoso Sánchez,Alejandra Noemí,PAN,Mujer,21/04/1975,Federalismo y Desarrollo Municipal,Integrante
226,Reynoso Sánchez,Alejandra Noemí,PAN,Mujer,21/04/1975,"Medio Ambiente, Recursos Naturales y Cambio Climático ",Integrante
226,Reynoso Sánchez,Alejandra Noemí,PAN,Mujer,21/04/1975,Salud,Integrante
231,Rosales San Román,Indira de Jesús,PAN,Mujer,30/09/1987,Justicia,Secretario/a
231,Rosales San Román,Indira de Jesús,PAN,Mujer,30/09/1987,Puntos Constitucionales,Secretario/a
231,Rosales San Román,Indira de Jesús,PAN,Mujer,30/09/1987,Gobernación,Integrante
231,Rosales San Román,Indira de Jesús,PAN,Mujer,30/09/1987,Relaciones Exteriores Asia - Pacífico - África,Integrante
231,Rosales San Román,Indira de Jesús,PAN,Mujer,30/09/1987,Salud,Integrante
217,Saldaña Cisneros,María Guadalupe,PAN,Mujer,30/03/1972,"Medio Ambiente, Recursos Naturales y Cambio Climático ",Secretario/a
217,Saldaña Cisneros,María Guadalupe,PAN,Mujer,30/03/1972,"Agricultura, Ganadería, Pesca y Desarrollo Rural ",Integrante
217,Saldaña Cisneros,María Guadalupe,PAN,Mujer,30/03/1972,"Desarrollo Urbano, Ordenamiento Territorial y Vivienda ",Integrante
217,Saldaña Cisneros,María Guadalupe,PAN,Mujer,30/03/1972,Educación,Integrante
217,Saldaña Cisneros,María Guadalupe,PAN,Mujer,30/03/1972,Turismo,Integrante
206,Vázquez Mota,Josefina Eugenia,PAN,Mujer,20/01/1961,Derechos de la Niñez y de la Adolescencia,Presidente/a
206,Vázquez Mota,Josefina Eugenia,PAN,Mujer,20/01/1961,Defensa Nacional,Integrante
206,Vázquez Mota,Josefina Eugenia,PAN,Mujer,20/01/1961,Economía,Integrante
206,Vázquez Mota,Josefina Eugenia,PAN,Mujer,20/01/1961,Relaciones Exteriores,Integrante
206,Vázquez Mota,Josefina Eugenia,PAN,Mujer,20/01/1961,Seguridad Pública,Integrante
2050,Zepeda Hernández,Juan Manuel,PAN,Varón,10/11/1968,"Anticorrupción, Transparencia y Participación Ciudadana ",Presidente/a
2050,Zepeda Hernández,Juan Manuel,PAN,Varón,10/11/1968,Asuntos Fronterizos y Migratorios,Integrante
2050,Zepeda Hernández,Juan Manuel,PAN,Varón,10/11/1968,Derechos Humanos,Integrante
213,Zepeda Vidales,Damián,PAN,Varón,17/11/1978,Estudios Legislativos Segunda,Integrante
213,Zepeda Vidales,Damián,PAN,Varón,17/11/1978,Gobernación,Integrante
213,Zepeda Vidales,Damián,PAN,Varón,17/11/1978,Justicia,Integrante
213,Zepeda Vidales,Damián,PAN,Varón,17/11/1978,Puntos Constitucionales,Integrante
291,Fócil Pérez,Juan Manuel,PRD,Varón,12/06/1963,Defensa Nacional,Secretario/a
291,Fócil Pérez,Juan Manuel,PRD,Varón,12/06/1963,Juventud y Deporte,Secretario/a
291,Fócil Pérez,Juan Manuel,PRD,Varón,12/06/1963,Economía,Integrante
291,Fócil Pérez,Juan Manuel,PRD,Varón,12/06/1963,Hacienda y Crédito Público,Integrante
291,Fócil Pérez,Juan Manuel,PRD,Varón,12/06/1963,Salud,Integrante
279,García Conejo,Antonio,PRD,Varón,05/09/1971,Turismo,Presidente/a
279,García Conejo,Antonio,PRD,Varón,05/09/1971,"Agricultura, Ganadería, Pesca y Desarrollo Rural ",Integrante
279,García Conejo,Antonio,PRD,Varón,05/09/1971,"Desarrollo Urbano, Ordenamiento Territorial y Vivienda ",Integrante
279,García Conejo,Antonio,PRD,Varón,05/09/1971,Gobernación,Integrante
279,García Conejo,Antonio,PRD,Varón,05/09/1971,Recursos Hidráulicos,Integrante
279,García Conejo,Antonio,PRD,Varón,05/09/1971,Relaciones Exteriores,Integrante
179,Mancera Espinosa,Miguel Ángel,PRD,Varón,16/01/1966,Comunicaciones y Transportes,Integrante
179,Mancera Espinosa,Miguel Ángel,PRD,Varón,16/01/1966,Estudios Legislativos Segunda,Integrante
179,Mancera Espinosa,Miguel Ángel,PRD,Varón,16/01/1966,Justicia,Integrante
179,Mancera Espinosa,Miguel Ángel,PRD,Varón,16/01/1966,"Medio Ambiente, Recursos Naturales y Cambio Climático ",Integrante
179,Mancera Espinosa,Miguel Ángel,PRD,Varón,16/01/1966,Seguridad Pública,Integrante
251,Bañuelos de la Torre,Geovanna del Carmen,PT,Mujer,23/02/1977,Administración,Integrante
251,Bañuelos de la Torre,Geovanna del Carmen,PT,Mujer,23/02/1977,Jurisdiccional,Integrante
251,Bañuelos de la Torre,Geovanna del Carmen,PT,Mujer,23/02/1977,Relaciones Exteriores Europa,Integrante
303,De la Sierra Arámburo,Nancy,PT,Mujer,08/07/1969,Relaciones Exteriores,Secretario/a
303,De la Sierra Arámburo,Nancy,PT,Mujer,08/07/1969,Estudios Legislativos Segunda,Integrante
303,De la Sierra Arámburo,Nancy,PT,Mujer,08/07/1969,Medalla Belisario Domínguez,Integrante
303,De la Sierra Arámburo,Nancy,PT,Mujer,08/07/1969,Puntos Constitucionales,Integrante
303,De la Sierra Arámburo,Nancy,PT,Mujer,08/07/1969,"Radio, Televisión y Cinematografía ",Integrante
181,León Gastélum,Alejandra del Carmen,PT,Mujer,7/6/1976,Para la Igualdad de Género,Secretario/a
181,León Gastélum,Alejandra del Carmen,PT,Mujer,7/6/1976,Reforma Agraria,Secretario/a
181,León Gastélum,Alejandra del Carmen,PT,Mujer,7/6/1976,Gobernación,Integrante
181,León Gastélum,Alejandra del Carmen,PT,Mujer,7/6/1976,"Medio Ambiente, Recursos Naturales y Cambio Climático ",Integrante
181,León Gastélum,Alejandra del Carmen,PT,Mujer,7/6/1976,Relaciones Exteriores América Latina y el Caribe,Integrante
183,Lucero Olivas,Miguel Ángel,PT,Varón,22/04/1971,Minería y Desarrollo Regional,Presidente/a
183,Lucero Olivas,Miguel Ángel,PT,Varón,22/04/1971,Defensa Nacional,Integrante
183,Lucero Olivas,Miguel Ángel,PT,Varón,22/04/1971,Justicia,Integrante
183,Lucero Olivas,Miguel Ángel,PT,Varón,22/04/1971,Turismo,Integrante
174,Padilla Peña,Joel,PT,Varón,22/07/1959,Federalismo y Desarrollo Municipal,Secretario/a
174,Padilla Peña,Joel,PT,Varón,22/07/1959,"Agricultura, Ganadería, Pesca y Desarrollo Rural ",Integrante
174,Padilla Peña,Joel,PT,Varón,22/07/1959,Educación,Integrante
174,Padilla Peña,Joel,PT,Varón,22/07/1959,Estudios Legislativos,Integrante
174,Padilla Peña,Joel,PT,Varón,22/07/1959,Relaciones Exteriores América del Norte,Integrante
221,Pinedo Alonso,Cora Cecilia,PT,Mujer,26/11/1967,Relaciones Exteriores Asia - Pacífico - África,Presidente/a
221,Pinedo Alonso,Cora Cecilia,PT,Mujer,26/11/1967,Energía,Integrante
221,Pinedo Alonso,Cora Cecilia,PT,Mujer,26/11/1967,Estudios Legislativos Primera,Integrante
221,Pinedo Alonso,Cora Cecilia,PT,Mujer,26/11/1967,Marina,Integrante
221,Pinedo Alonso,Cora Cecilia,PT,Mujer,26/11/1967,Salud,Integrante
248,Ávila Vázquez,Katya Elizabeth,PES,Mujer,09/07/1969,Administración,Secretario/a
248,Ávila Vázquez,Katya Elizabeth,PES,Mujer,09/07/1969,"Desarrollo Urbano, Ordenamiento Territorial y Vivienda ",Integrante
248,Ávila Vázquez,Katya Elizabeth,PES,Mujer,09/07/1969,Juventud y Deporte,Integrante
248,Ávila Vázquez,Katya Elizabeth,PES,Mujer,09/07/1969,Zonas Metropolitanas y Movilidad,Integrante
304,De León Villard,Sasil Dora Luz,PES,Mujer,08/07/1969,Medalla Belisario Domínguez,Presidente/a
304,De León Villard,Sasil Dora Luz,PES,Mujer,08/07/1969,Asuntos Fronterizos y Migratorios,Secretario/a
304,De León Villard,Sasil Dora Luz,PES,Mujer,08/07/1969,Derechos de la Niñez y de la Adolescencia,Integrante
304,De León Villard,Sasil Dora Luz,PES,Mujer,08/07/1969,Hacienda y Crédito Público,Integrante
304,De León Villard,Sasil Dora Luz,PES,Mujer,08/07/1969,Relaciones Exteriores,Integrante
162,Mora Arellano,Elvia Marcela,PES,Mujer,11/02/1954,Desarrollo y Bienestar Social,Presidente/a
162,Mora Arellano,Elvia Marcela,PES,Mujer,11/02/1954,Ciencia y Tecnología,Integrante
162,Mora Arellano,Elvia Marcela,PES,Mujer,11/02/1954,Derechos de la Niñez y de la Adolescencia,Integrante
162,Mora Arellano,Elvia Marcela,PES,Mujer,11/02/1954,Jurisdiccional,Integrante
162,Mora Arellano,Elvia Marcela,PES,Mujer,11/02/1954,Justicia,Integrante
162,Mora Arellano,Elvia Marcela,PES,Mujer,11/02/1954,Minería y Desarrollo Regional,Integrante
162,Mora Arellano,Elvia Marcela,PES,Mujer,11/02/1954,Trabajo y Previsión Social,Integrante
230,Romo Molina,Eunice Renata,PES,Mujer,15/06/1949,Relaciones Exteriores América Latina y el Caribe,Secretario/a
230,Romo Molina,Eunice Renata,PES,Mujer,15/06/1949,"Anticorrupción, Transparencia y Participación Ciudadana ",Integrante
230,Romo Molina,Eunice Renata,PES,Mujer,15/06/1949,Comunicaciones y Transportes,Integrante
230,Romo Molina,Eunice Renata,PES,Mujer,15/06/1949,Zonas Metropolitanas y Movilidad,Integrante
242,Aceves del Olmo,Carlos Humberto,PRI,Varón,05/11/1940,Trabajo y Previsión Social,Secretario/a
242,Aceves del Olmo,Carlos Humberto,PRI,Varón,05/11/1940,"Desarrollo Urbano, Ordenamiento Territorial y Vivienda ",Integrante
242,Aceves del Olmo,Carlos Humberto,PRI,Varón,05/11/1940,Energía,Integrante
242,Aceves del Olmo,Carlos Humberto,PRI,Varón,05/11/1940,"Medio Ambiente, Recursos Naturales y Cambio Climático ",Integrante
242,Aceves del Olmo,Carlos Humberto,PRI,Varón,05/11/1940,Seguridad Social,Integrante
245,Anaya Mota,Claudia Edith,PRI,Mujer,06/06/1979,Justicia,Secretario/a
245,Anaya Mota,Claudia Edith,PRI,Mujer,06/06/1979,Reglamentos y Prácticas Parlamentarias,Secretario/a
245,Anaya Mota,Claudia Edith,PRI,Mujer,06/06/1979,Economía,Integrante
245,Anaya Mota,Claudia Edith,PRI,Mujer,06/06/1979,Gobernación,Integrante
245,Anaya Mota,Claudia Edith,PRI,Mujer,06/06/1979,Hacienda y Crédito Público,Integrante
245,Anaya Mota,Claudia Edith,PRI,Mujer,06/06/1979,Seguridad Pública,Integrante
246,Añorve Baños,Manuel,PRI,Varón,15/05/1957,Estudios Legislativos,Presidente/a
246,Añorve Baños,Manuel,PRI,Varón,15/05/1957,Comunicaciones y Transportes,Integrante
246,Añorve Baños,Manuel,PRI,Varón,15/05/1957,Defensa Nacional,Integrante
246,Añorve Baños,Manuel,PRI,Varón,15/05/1957,Relaciones Exteriores Europa,Integrante
246,Añorve Baños,Manuel,PRI,Varón,15/05/1957,Turismo,Integrante
249,Ávila Villegas,Eruviel,PRI,Varón,01/05/1969,Marina,Presidente/a
249,Ávila Villegas,Eruviel,PRI,Varón,01/05/1969,Cultura,Integrante
249,Ávila Villegas,Eruviel,PRI,Varón,01/05/1969,Medalla Belisario Domínguez,Integrante
249,Ávila Villegas,Eruviel,PRI,Varón,01/05/1969,"Radio, Televisión y Cinematografía ",Integrante
249,Ávila Villegas,Eruviel,PRI,Varón,01/05/1969,Relaciones Exteriores Asia - Pacífico - África,Integrante
244,Beltrones Sánchez,Sylvana,PRI,Mujer,11/08/1982,Puntos Constitucionales,Secretario/a
244,Beltrones Sánchez,Sylvana,PRI,Mujer,11/08/1982,Salud,Secretario/a
244,Beltrones Sánchez,Sylvana,PRI,Mujer,11/08/1982,Derechos Humanos,Integrante
244,Beltrones Sánchez,Sylvana,PRI,Mujer,11/08/1982,"Medio Ambiente, Recursos Naturales y Cambio Climático ",Integrante
281,García Yáñez,Ángel,PRI,Varón,14/12/1967,Educación,Secretario/a
281,García Yáñez,Ángel,PRI,Varón,14/12/1967,Seguridad Social,Secretario/a
281,García Yáñez,Ángel,PRI,Varón,14/12/1967,"Agricultura, Ganadería, Pesca y Desarrollo Rural ",Integrante
281,García Yáñez,Ángel,PRI,Varón,14/12/1967,Comunicaciones y Transportes,Integrante
281,García Yáñez,Ángel,PRI,Varón,14/12/1967,Derechos de la Niñez y de la Adolescencia,Integrante
189,Martínez García,Verónica,PRI,Mujer,11/01/1984,Economía,Secretario/a
189,Martínez García,Verónica,PRI,Mujer,11/01/1984,Seguridad Pública,Secretario/a
189,Martínez García,Verónica,PRI,Mujer,11/01/1984,Asuntos Fronterizos y Migratorios,Integrante
189,Martínez García,Verónica,PRI,Mujer,11/01/1984,Juventud y Deporte,Integrante
189,Martínez García,Verónica,PRI,Mujer,11/01/1984,Minería y Desarrollo Regional,Integrante
193,Mayorga Delgado,Nuvia Magdalena,PRI,Mujer,31/01/1966,Administración,Secretario/a
193,Mayorga Delgado,Nuvia Magdalena,PRI,Mujer,31/01/1966,Hacienda y Crédito Público,Secretario/a
193,Mayorga Delgado,Nuvia Magdalena,PRI,Mujer,31/01/1966,"Anticorrupción, Transparencia y Participación Ciudadana ",Integrante
193,Mayorga Delgado,Nuvia Magdalena,PRI,Mujer,31/01/1966,Asuntos Indígenas,Integrante
193,Mayorga Delgado,Nuvia Magdalena,PRI,Mujer,31/01/1966,Para la Igualdad de Género,Integrante
193,Mayorga Delgado,Nuvia Magdalena,PRI,Mujer,31/01/1966,Salud,Integrante
175,Paredes Rangel,Beatriz Elena,PRI,Mujer,18/08/1953,Ciencia y Tecnología,Presidente/a
175,Paredes Rangel,Beatriz Elena,PRI,Mujer,18/08/1953,"Agricultura, Ganadería, Pesca y Desarrollo Rural ",Integrante
175,Paredes Rangel,Beatriz Elena,PRI,Mujer,18/08/1953,Asuntos Fronterizos y Migratorios,Integrante
175,Paredes Rangel,Beatriz Elena,PRI,Mujer,18/08/1953,Educación,Integrante
175,Paredes Rangel,Beatriz Elena,PRI,Mujer,18/08/1953,Relaciones Exteriores,Integrante
232,Rubio Márquez,Vanessa,PRI,Mujer,21/02/1972,Relaciones Exteriores América Latina y el Caribe,Presidente/a
232,Rubio Márquez,Vanessa,PRI,Mujer,21/02/1972,Desarrollo y Bienestar Social,Integrante
232,Rubio Márquez,Vanessa,PRI,Mujer,21/02/1972,Hacienda y Crédito Público,Integrante
232,Rubio Márquez,Vanessa,PRI,Mujer,21/02/1972,Relaciones Exteriores América del Norte,Integrante
232,Rubio Márquez,Vanessa,PRI,Mujer,21/02/1972,Trabajo y Previsión Social,Integrante
232,Rubio Márquez,Vanessa,PRI,Mujer,21/02/1972,Turismo,Integrante
2053,Ruiz Massieu Salinas,Claudia,PRI,Mujer,10/07/1972,Gobernación,Secretario/a
2053,Ruiz Massieu Salinas,Claudia,PRI,Mujer,10/07/1972,Jurisdiccional,Secretario/a
2053,Ruiz Massieu Salinas,Claudia,PRI,Mujer,10/07/1972,Justicia,Integrante
2053,Ruiz Massieu Salinas,Claudia,PRI,Mujer,10/07/1972,Puntos Constitucionales,Integrante
2053,Ruiz Massieu Salinas,Claudia,PRI,Mujer,10/07/1972,Relaciones Exteriores,Integrante
2053,Ruiz Massieu Salinas,Claudia,PRI,Mujer,10/07/1972,Relaciones Exteriores América del Norte,Integrante
211,Zamora Gastélum,Mario,PRI,Varón,10/10/1974,Reforma Agraria,Presidente/a
211,Zamora Gastélum,Mario,PRI,Varón,10/10/1974,"Anticorrupción, Transparencia y Participación Ciudadana ",Integrante
211,Zamora Gastélum,Mario,PRI,Varón,10/10/1974,Defensa Nacional,Integrante
211,Zamora Gastélum,Mario,PRI,Varón,10/10/1974,Energía,Integrante
211,Zamora Gastélum,Mario,PRI,Varón,10/10/1974,Estudios Legislativos Segunda,Integrante
211,Zamora Gastélum,Mario,PRI,Varón,10/10/1974,Recursos Hidráulicos,Integrante
272,Benavides Cobos,Gabriela,PVEM,Mujer,12/11/1977,Relaciones Exteriores Europa,Presidente/a
272,Benavides Cobos,Gabriela,PVEM,Mujer,12/11/1977,Comunicaciones y Transportes,Integrante
272,Benavides Cobos,Gabriela,PVEM,Mujer,12/11/1977,Desarrollo y Bienestar Social,Integrante
293,Bolaños Cacho Cué,Raúl,PVEM,Varón,02/06/1988,"Medio Ambiente, Recursos Naturales y Cambio Climático ",Presidente/a
293,Bolaños Cacho Cué,Raúl,PVEM,Varón,02/06/1988,Energía,Secretario/a
293,Bolaños Cacho Cué,Raúl,PVEM,Varón,02/06/1988,Administración,Integrante
293,Bolaños Cacho Cué,Raúl,PVEM,Varón,02/06/1988,Jurisdiccional,Integrante
293,Bolaños Cacho Cué,Raúl,PVEM,Varón,02/06/1988,Justicia,Integrante
293,Bolaños Cacho Cué,Raúl,PVEM,Varón,02/06/1988,Puntos Constitucionales,Integrante
295,Camino Farjat,Verónica Noemí,PVEM,Mujer,07/04/1955,Asuntos Indígenas,Integrante
295,Camino Farjat,Verónica Noemí,PVEM,Mujer,07/04/1955,Cultura,Integrante
295,Camino Farjat,Verónica Noemí,PVEM,Mujer,07/04/1955,Economía,Integrante
295,Camino Farjat,Verónica Noemí,PVEM,Mujer,07/04/1955,Seguridad Pública,Integrante
180,Lagunes Soto Ruíz,Alejandra,PVEM,Mujer,11/12/1971,Ciencia y Tecnología,Secretario/a
170,Noyola Cervantes,María Leonor,PVEM,Mujer,11/01/1951,Asuntos Indígenas,Presidente/a
170,Noyola Cervantes,María Leonor,PVEM,Mujer,11/01/1951,"Agricultura, Ganadería, Pesca y Desarrollo Rural ",Integrante
170,Noyola Cervantes,María Leonor,PVEM,Mujer,11/01/1951,Derechos Humanos,Integrante
170,Noyola Cervantes,María Leonor,PVEM,Mujer,11/01/1951,Para la Igualdad de Género,Integrante
170,Noyola Cervantes,María Leonor,PVEM,Mujer,11/01/1951,Seguridad Social,Integrante
2057,Velasco Coello,Manuel,PVEM,Varón,07/04/1980,Medalla Belisario Domínguez,Integrante
212,Zamora Guzmán,Rogelio Israel,PVEM,Varón,10/10/1974,Defensa Nacional,Secretario/a
212,Zamora Guzmán,Rogelio Israel,PVEM,Varón,10/10/1974,Asuntos Fronterizos y Migratorios,Integrante
212,Zamora Guzmán,Rogelio Israel,PVEM,Varón,10/10/1974,Marina,Integrante
212,Zamora Guzmán,Rogelio Israel,PVEM,Varón,10/10/1974,Relaciones Exteriores,Integrante
212,Zamora Guzmán,Rogelio Israel,PVEM,Varón,10/10/1974,Trabajo y Previsión Social,Integrante
243,Álvarez Icaza Longoria,Emilio,SG,Varón,31/03/1965,Derechos Humanos,Secretario/a
243,Álvarez Icaza Longoria,Emilio,SG,Varón,31/03/1965,Zonas Metropolitanas y Movilidad,Secretario/a