camara,Entidad,orden,distrito,partido,nombre,tipo,idDirectorio,Género
diputados,V Circunscripción,4,,MORENA,Abasolo Sánchez Pedro Daniel,circunscripcion,13,Varón
diputados,V Circunscripción,34,,PRI,Acosta Peña Brasil Alberto,circunscripcion,14,Varón
diputados,Puebla,1,Huauchinango De Degollado,PES,Acundo González Miguel,distrito,15,Varón
diputados,IV Circunscripción,23,,PAN,Adame Castillo Marco Antonio,circunscripcion,16,Varón
diputados,Sonora,4,Guaymas,MORENA,Aguilar Castillo Heriberto Marcelo,distrito,17,Varón
diputados,Estado De México,1,Jilotepec De Andrés Molina Enríquez,PRI,Aguilar Castillo Ricardo,distrito,18,Varón
diputados,Veracruz,18,Zongolica,MORENA,Aguilar Linda Bonifacio,distrito,19,Varón
diputados,Chiapas,9,Tuxtla Gutiérrez,MORENA,Aguilar Molina Leticia Arlett,distrito,20,Mujer
diputados,II Circunscripción,18,,PAN,Aguilar Vega Marcos,circunscripcion,21,Varón
diputados,I Circunscripción,13,,MORENA,Aguilera Brenes Sebastián,circunscripcion,22,Varón
diputados,Durango,3,Guadalupe Victoria,MORENA,Aguilera Chairez Maribel,distrito,23,Mujer
diputados,Michoacán,11,Pátzcuaro,PRD,Aguilera Rojas José Guadalupe,distrito,24,Varón
diputados,Ciudad De México,14,Tlalpan,MORENA,Aguirre Valenciana Javier Uriel,distrito,25,Varón
diputados,Ciudad De México,19,Iztapalapa,MORENA,Alavez Ruiz Aleida,distrito,26,Mujer
diputados,Jalisco,8,Guadalajara,PRD,Alcalá Padilla Abril,distrito,27,Mujer
diputados,V Circunscripción,40,,PVEM,Alcántara Núñez Jesús Sergio,circunscripcion,28,Varón
diputados,III Circunscripción,10,,MORENA,Alegre Salazar Luis Javier,circunscripcion,29,Varón
diputados,IV Circunscripción,16,,MORENA,Alejandro Candelaria Maximino,circunscripcion,30,Varón
diputados,II Circunscripción,21,,PAN,Alemán Hernández Nohemí,circunscripcion,31,Mujer
diputados,II Circunscripción,35,,PRI,Alemán Muñoz Castillo María,circunscripcion,32,Mujer
diputados,Hidalgo,4,Tulancingo De Bravo,MORENA,Alfaro Morales María Isabel,distrito,33,Mujer
diputados,San Luis Potosí,6,San Luis Potosí,PRD,Almaguer Pardo Ma. Guadalupe,distrito,34,Mujer
diputados,Estado De México,38,Texcoco De Mora,MORENA,Almazán Burgos Karla Yuritzi,distrito,35,Mujer
diputados,Jalisco,18,Autlán De Navarro,PRD,Almeida López Mónica,distrito,36,Mujer
diputados,Yucatán,2,Progreso,PRI,Alonzo Morales María Ester,distrito,37,Mujer
diputados,Nuevo León,2,Apodaca,MORENA,Alvarado Moreno María Guillermina,distrito,38,Mujer
diputados,II Circunscripción,29,,PRI,Álvarez García Ivonne Liliana,circunscripcion,39,Mujer
diputados,Morelos,5,Yautepec,MORENA,Ambrocio Gachuz José Guadalupe,distrito,40,Varón
diputados,Baja California,4,Tijuana,MORENA,Andazola Gómez Socorro Irma,distrito,41,Mujer
diputados,III Circunscripción,14,,MORENA,Andrade Zavala Marco Antonio,circunscripcion,42,Varón
diputados,Hidalgo,5,Tula De Allende,MORENA,Angeles Mendoza Julio César,distrito,43,Varón
diputados,III Circunscripción,35,,PRI,Angulo Briceño Pablo Guillermo,circunscripcion,44,Varón
diputados,Oaxaca,5,Salina Cruz,MORENA,Antonio Altamirano Carol,distrito,45,Varón
diputados,Baja California,6,Tijuana,MORENA,Areizaga Uribe Erwin Jorge,distrito,46,Varón
diputados,Estado De México,37,Cuautitlán,MORENA,Arenas Madrigal Edgar Eduardo,distrito,47,Varón
diputados,Morelos,4,Jojutla,PES,Argüelles Victorero Jorge Arturo,distrito,48,Varón
diputados,Guanajuato,8,Salamanca,PAN,Arriaga Rojas Justino Eugenio,distrito,49,Varón
diputados,Veracruz,13,Huatusco,MORENA,Arrieta Sánchez Eleuterio,distrito,50,Varón
diputados,Estado De México,12,Ixtapaluca,MORENA,Arvizu De La Luz Felipe Rafael,distrito,51,Varón
diputados,Guanajuato,15,Irapuato,PAN,Ascencio Barba Sergio Fernando,distrito,52,Varón
diputados,V Circunscripción,5,,MORENA,Ascencio Ortega Reyna Celeste,circunscripcion,53,Mujer
diputados,Ciudad De México,21,Xochimilco,MORENA,Audiffred Fernández Karen Ivette,distrito,54,Mujer
diputados,Tabasco,5,Paraíso,MORENA,Avalos Magaña Laura Patricia,distrito,55,Mujer
diputados,Quintana Roo,3,Cancún,MORENA,Avila Vera Mildred Concepción,distrito,56,Mujer
diputados,Sinaloa,2,Los Mochis,MORENA,Ayala Bobadilla Carlos Iván,distrito,57,Varón
diputados,Guanajuato,3,León,PAN,Ayala Díaz Ma. de los Ángeles,distrito,58,Mujer
diputados,II Circunscripción,33,,PRI,Azuara Yarzábal Frinné,circunscripcion,59,Mujer
diputados,II Circunscripción,22,,PAN,Azuara Zúñiga Xavier,circunscripcion,60,Varón
diputados,II Circunscripción,10,,MORENA,Badillo Moreno Cuauhtli Fernando,circunscripcion,61,Varón
diputados,Puebla,3,Teziutlán,PES,Báez Ruiz Claudia,distrito,62,Mujer
diputados,V Circunscripción,3,,MORENA,Bahena Jiménez Socorro,circunscripcion,63,Mujer
diputados,Sonora,1,San Luis Río Colorado,PES,Baldenebro Arredondo Manuel de Jesus,distrito,64,Varón
diputados,Michoacán,2,Puruándiro,MORENA,Barajas Barajas Esteban,distrito,65,Varón
diputados,Ciudad De México,11,Venustiano Carranza,MORENA,Barrera Badillo Rocío,distrito,66,Mujer
diputados,V Circunscripción,37,,PRI,Barrera Fortoul Laura,circunscripcion,67,Mujer
diputados,Puebla,15,Tehuacán,MORENA,Barroso Chávez Alejandro,distrito,68,Varón
diputados,Estado De México,31,Cd. Nezahualcóyotl,MORENA,Bautista Bravo Juan Angel,distrito,69,Varón
diputados,Oaxaca,9,Puerto Escondido,MORENA,Bautista Peláez Maria del Carmen,distrito,70,Mujer
diputados,IV Circunscripción,4,,MORENA,Bautista Rivera David,circunscripcion,71,Varón
diputados,V Circunscripción,28,,PRD,Bautista Rodríguez Mónica,circunscripcion,72,Mujer
diputados,San Luis Potosí,3,Rioverde,PVEM,Bautista Villegas Oscar,distrito,73,Varón
diputados,Colima,2,Manzanillo,MORENA,Bayardo Cabrera Rosa María,distrito,74,Mujer
diputados,Sonora,2,Nogales,PT,Bernal Camarena Ana Laura,distrito,75,Mujer
diputados,Michoacán,3,Heroica Zitácuaro,PT,Bernal Martínez Mary Carmen,distrito,76,Mujer
diputados,III Circunscripción,20,,MORENA,Blas López Víctor,circunscripcion,77,Varón
diputados,Chiapas,6,Tuxtla Gutiérrez,MORENA,Bonifaz Moedano Raúl Eduardo,distrito,78,Varón
diputados,Veracruz,5,Poza Rica De Hidalgo,MORENA,Bonilla Herrera Raquel,distrito,79,Mujer
diputados,I Circunscripción,26,,PAN,Bonnafoux Alcaraz Madeleine,circunscripcion,80,Mujer
diputados,Coahuila,2,San Pedro,MORENA,Borrego Adame Francisco Javier,distrito,81,Varón
diputados,I Circunscripción,1,,MC,Bravo Padilla Itzcóatl Tonatiuh,circunscripcion,82,Varón
diputados,Sonora,5,Hermosillo,MORENA,Briceño Zuloaga María Wendy,distrito,83,Mujer
diputados,Campeche,2,Ciudad Del Carmen,PES,Buenfil Díaz Irasema del Carmen,distrito,84,Mujer
diputados,Zacatecas,2,Jeréz De García Salinas,PVEM,Bugarín Cortés Lyndiana Elizabeth,distrito,85,Mujer
diputados,Tabasco,2,Heroica Cárdenas,MORENA,Burelo Cortazar Teresa,distrito,86,Mujer
diputados,Guerrero,3,Zihuatanejo,PES,Cabrera Lagunas Ma. del Carmen,distrito,87,Mujer
diputados,IV Circunscripción,3,,MORENA,Calderón Medina Samuel,circunscripcion,88,Varón
diputados,Veracruz,7,Martínez De La Torre,MORENA,Calderón Salas Rodrigo,distrito,89,Varón
diputados,Hidalgo,2,Ixmiquilpan,MORENA,Callejas Romero Gustavo,distrito,90,Varón
diputados,I Circunscripción,27,,PAN,Cambero Pérez José Ramón,circunscripcion,91,Varón
diputados,II Circunscripción,36,,PRI,Campos Córdova Lenin Nelson,circunscripcion,92,Varón
diputados,Michoacán,9,Uruapan Del Progreso,MORENA,Campos Equihua Ignacio Benjamín,distrito,93,Varón
diputados,V Circunscripción,7,,MORENA,Cano González Susana,circunscripcion,94,Mujer
diputados,Yucatán,5,Ticul,PRI,Canul Pérez Juan José,distrito,95,Varón
diputados,I Circunscripción,7,,MORENA,Carbajal Miranda Marco Antonio,circunscripcion,96,Varón
diputados,III Circunscripción,6,,MORENA,Carranza Aréas Julio,circunscripcion,97,Varón
diputados,Estado De México,4,Nicolás Romero,MORENA,Carrasco Godínez Nelly Minerva,distrito,98,Mujer
diputados,Sinaloa,6,Mazatlán,MORENA,Carrazco Macías Olegaria,distrito,99,Mujer
diputados,IV Circunscripción,25,,PAN,Carreón Mejía Carlos,circunscripcion,100,Varón
diputados,V Circunscripción,9,,MORENA,Carrillo Luna Juana,circunscripcion,101,Mujer
diputados,Puebla,6,Heroica Puebla De Zaragoza,MORENA,Carvajal Hidalgo Alejandro,distrito,102,Varón
diputados,V Circunscripción,15,,MORENA,Castañeda Ortiz María Guadalupe Edith,circunscripcion,103,Mujer
diputados,I Circunscripción,29,,PAN,Castaños Valenzuela Carlos Humberto,circunscripcion,104,Varón
diputados,I Circunscripción,18,,MORENA,Castillo Lozano Katia Alejandra,circunscripcion,105,Mujer
diputados,Guerrero,8,Ayutla De Los Libres,MORENA,Cayetano García Rubén,distrito,106,Varón
diputados,II Circunscripción,9,,MORENA,Cazarez Yañez Martina,circunscripcion,107,Mujer
diputados,V Circunscripción,17,,MORENA,Chávez Pérez María,circunscripcion,108,Mujer
diputados,V Circunscripción,1,,MC,Cheja Alfaro Jacobo David,circunscripcion,109,Varón
diputados,II Circunscripción,4,,MORENA,Chico Herrera Miguel Ángel,circunscripcion,110,Varón
diputados,II Circunscripción,26,,PAN,Cinta Rodríguez Carlos Elhier,circunscripcion,111,Varón
diputados,I Circunscripción,8,,MORENA,Clouthier Carrillo Tatiana,circunscripcion,112,Mujer
diputados,III Circunscripción,16,,MORENA,Contreras Castillo Armando,circunscripcion,113,Varón
diputados,Jalisco,13,Tlaquepaque,MC,Contreras González Lourdes Celenia,distrito,114,Mujer
diputados,Estado De México,8,Tultitlán De Mariano Escobedo,MORENA,Contreras Montes Gustavo,distrito,115,Varón
diputados,IV Circunscripción,37,,PRI,Córdova Morán Luis Eleusis Leónidas,circunscripcion,116,Varón
diputados,III Circunscripción,39,,PVEM,Corona Méndez Jorge Francisco,circunscripcion,117,Varón
diputados,Baja California,8,Tijuana,PES,Cruz Aparicio Héctor René,distrito,118,Varón
diputados,Veracruz,11,Coatzacoalcos,MORENA,Cruz Santos Flora Tania,distrito,119,Mujer
diputados,IV Circunscripción,11,,MORENA,Cuaxiloa Serrano Susana Beatriz,circunscripcion,120,Mujer
diputados,IV Circunscripción,9,,MORENA,Cuevas Barron Gabriela,circunscripcion,121,Mujer
diputados,IV Circunscripción,22,,PAN,Dávila Fernández Adriana,circunscripcion,122,Mujer
diputados,IV Circunscripción,10,,MORENA,De Jesús Jiménez Lucio,circunscripcion,123,Varón
diputados,III Circunscripción,3,,MORENA,De la Cruz Delucio Patricia Del Carmen,circunscripcion,124,Mujer
diputados,Tabasco,6,Villahermosa,PES,De la Peña Marshall Ricardo,distrito,125,Varón
diputados,Coahuila,7,Saltillo,PRI,De las Fuentes Hernández Fernando Donato,distrito,126,Varón
diputados,Chiapas,5,San Cristóbal De Las Casas,PT,Dekker Gómez Clementina Marta,distrito,127,Mujer
diputados,II Circunscripción,8,,MORENA,Del Bosque Villarreal Diego Eduardo,circunscripcion,128,Varón
diputados,Ciudad De México,1,Gustavo A. Madero,MORENA,Del Castillo Ibarra Erika Vanessa,distrito,129,Mujer
diputados,Jalisco,19,Ciudad Guzmán,MC,Del Toro Pérez Higinio,distrito,130,Varón
diputados,Ciudad De México,13,Iztacalco,MORENA,Delgado Carrillo Mario Martín,distrito,131,Varón
diputados,San Luis Potosí,4,Ciudad Valles,MORENA,Delsol Estrada José Ricardo,distrito,132,Varón
diputados,IV Circunscripción,7,,MORENA,Díaz Aguilar Leticia,circunscripcion,133,Mujer
diputados,Estado De México,34,Toluca De Lerdo,MORENA,Díaz Avilez María Guadalupe,distrito,134,Mujer
diputados,Estado De México,13,Ecatepec De Morelos,MORENA,Diaz García María Elizabeth,distrito,135,Mujer
diputados,III Circunscripción,24,,PAN,Díaz Jiménez Antonia Natividad,circunscripcion,136,Mujer
diputados,Oaxaca,7,Ciudad Ixtepec,MORENA,Domínguez Flores Rosalinda,distrito,137,Mujer
diputados,Estado De México,28,Zumpango De Ocampo,MORENA,Domínguez Rodríguez Roberto Ángel,distrito,138,Varón
diputados,Estado De México,14,Ciudad Adolfo López Mateos,PT,Domínguez Vázquez Claudia Angélica,distrito,139,Mujer
diputados,II Circunscripción,40,,MORENA,Elizondo Garrido Francisco,circunscripcion,140,Varón
diputados,Tamaulipas,2,Reynosa,PT,Elizondo Guerra Olga Juliana,distrito,141,Mujer
diputados,Chiapas,12,Tapachula,MORENA,Elorza Flores José Luis,distrito,142,Varón
diputados,IV Circunscripción,39,,PVEM,Escobar y Vega Arturo,circunscripcion,143,Varón
diputados,Guanajuato,11,León,PAN,Espadas Galván Jorge Arturo,distrito,144,Varón
diputados,Tabasco,3,Comalcalco,MORENA,Espadas Méndez Gregorio Efraín,distrito,145,Varón
diputados,II Circunscripción,27,,PRD,Esparza Márquez Frida Alejandra,circunscripcion,146,Mujer
diputados,Ciudad De México,9,Tláhuac,MORENA,Espinosa de los Monteros García Adriana María Guadalupe,distrito,147,Mujer
diputados,Guanajuato,14,Acámbaro,PAN,Espinosa Rivas Ma. Eugenia Leticia,distrito,148,Mujer
diputados,Jalisco,17,Jocotepec,MC,Espinoza Cárdenas Juan Martín,distrito,149,Varón
diputados,Nuevo León,9,Linares,PRI,Espinoza Eguia Juan Francisco,distrito,150,Varón
diputados,IV Circunscripción,5,,MORENA,Espinoza Lopez Brenda,circunscripcion,151,Mujer
diputados,II Circunscripción,39,,PVEM,Espinoza Mata Zulma,circunscripcion,152,Mujer
diputados,Veracruz,3,Tuxpam De Rodríguez Cano,MORENA,Espinoza Segura María Bertha,distrito,153,Mujer
diputados,Veracruz,4,Veracruz,MORENA,Exsome Zapata Ricardo Francisco,distrito,154,Varón
diputados,Chihuahua,8,Chihuahua,MC,Falomir Saenz Alan Jesús,distrito,155,Varón
diputados,Coahuila,3,Monclova,MORENA,Farías Zambrano Melba Nelia,distrito,156,Mujer
diputados,Chiapas,10,Villaflores,MORENA,Farrera Esponda Juan Enrique,distrito,157,Varón
diputados,Estado De México,5,Teotihuacán De Arista,PT,Favela Peñuñuri Francisco,distrito,158,Varón
diputados,Zacatecas,3,Zacatecas,PT,Femat Bañuelos Alfredo,distrito,159,Varón
diputados,IV Circunscripción,40,,MORENA,Fernández Cruz Nayeli Arlen,circunscripcion,160,Mujer
diputados,Ciudad De México,4,Iztapalapa,PT,Fernández Noroña José Gerardo Rodolfo,distrito,161,Varón
diputados,Michoacán,1,Lázaro Cárdenas,MORENA,Flores Anguiano Feliciano,distrito,162,Varón
diputados,IV Circunscripción,17,,MORENA,Flores Olivo Lucía,circunscripcion,163,Mujer
diputados,I Circunscripción,38,,PRI,Flores Sánchez Margarita,circunscripcion,164,Mujer
diputados,Nuevo León,4,San Nicolás De Los Garza,PAN,Flores Suárez Ricardo,distrito,165,Varón
diputados,IV Circunscripción,33,,PRI,Galindo Favela Fernando,circunscripcion,166,Varón
diputados,San Luis Potosí,2,Soledad De Graciano Sánchez,PVEM,Gallardo Cardona José Ricardo,distrito,167,Varón
diputados,Coahuila,4,Saltillo,PRI,Garay Cadena Martha Hortencia,distrito,168,Mujer
diputados,IV Circunscripción,38,,PT,Garay Ulloa Silvano,circunscripcion,169,Varón
diputados,Estado De México,6,Coacalco De Berriozábal,PES,García Aguilar Carolina,distrito,170,Mujer
diputados,Hidalgo,6,Pachuca De Soto,MORENA,García Anaya Lidia,distrito,171,Mujer
diputados,III Circunscripción,19,,MORENA,García Cayetano Dorheny,circunscripcion,172,Mujer
diputados,III Circunscripción,30,,MORENA,García Corpus Teófilo Manuel,circunscripcion,173,Varón
diputados,Nuevo León,3,Gral. Escobedo,PT,García Duque José Luis,distrito,174,Varón
diputados,Veracruz,1,Pánuco,PAN,García Escalante Ricardo,distrito,175,Varón
diputados,Oaxaca,3,Heroica Ciudad De Huajuapan De León,PT,García García Margarita,distrito,176,Mujer
diputados,I Circunscripción,24,,PAN,García Gómez Martha Elena,circunscripcion,177,Mujer
diputados,Baja California Sur,1,La Paz,PT,García Grande Ana Ruth,distrito,178,Mujer
diputados,II Circunscripción,13,,MORENA,García Guardado Ma. de Jesús,circunscripcion,179,Mujer
diputados,Guerrero,6,Chilapa,PRD,García Gutiérrez Raymundo,distrito,180,Varón
diputados,Sinaloa,3,Guamúchil,PT,García Hernández Jesús Fernando,distrito,181,Varón
diputados,I Circunscripción,3,,MC,García Lara Jorge Alcibíades,circunscripcion,182,Varón
diputados,III Circunscripción,28,,PAN,García Morlan Dulce Alejandra,circunscripcion,183,Mujer
diputados,Jalisco,15,La Barca,PAN,García Ochoa Absalón,distrito,184,Varón
diputados,Veracruz,12,Veracruz,PAN,García Rojas Mariana Dunyaska,distrito,185,Mujer
diputados,III Circunscripción,21,,MORENA,García Rosales Edith,circunscripcion,186,Mujer
diputados,V Circunscripción,18,,MORENA,García Rubio Agustín,circunscripcion,187,Varón
diputados,Chihuahua,4,Juárez,MORENA,García Soto Ulises,distrito,188,Varón
diputados,Durango,1,Victoria De Durango,MORENA,García Vidaña Martha Olivia,distrito,189,Mujer
diputados,V Circunscripción,13,,MORENA,García Zepeda Julieta,circunscripcion,190,Mujer
diputados,II Circunscripción,19,,PAN,Garfias Cedillo Sylvia Violeta,circunscripcion,191,Mujer
diputados,II Circunscripción,23,,PAN,Garza Galván Silvia Guadalupe,circunscripcion,192,Mujer
diputados,Nuevo León,7,García,PES,Garza Gutiérrez Laura Erika de Jesús,distrito,193,Mujer
diputados,I Circunscripción,40,,PVEM,Gómez Alcantar Marco Antonio,circunscripcion,194,Varón
diputados,Ciudad De México,23,Coyoacán,MORENA,Gómez Álvarez Pablo,distrito,195,Varón
diputados,Nuevo León,6,Monterrey,PAN,Gómez Cárdenas Annia Sarahí,distrito,196,Mujer
diputados,Puebla,2,Cuautilulco Barrio,MC,Gómez Maldonado Maiella Martha Gabriela,distrito,197,Mujer
diputados,V Circunscripción,39,,PVEM,Gómez Ordaz Leticia Mariana,circunscripcion,198,Mujer
diputados,III Circunscripción,27,,PAN,Gómez Quej José Del Carmen,circunscripcion,199,Varón
diputados,III Circunscripción,8,,MORENA,Gómez Ventura Manuel,circunscripcion,200,Varón
diputados,I Circunscripción,4,,MC,González Anaya María Libier,circunscripcion,201,Mujer
diputados,Nuevo León,12,Benito Juárez,MORENA,González Castañeda Sandra Paola,distrito,202,Mujer
diputados,I Circunscripción,35,,PRI,González Cuevas Isaías,circunscripcion,203,Varón
diputados,Ciudad De México,2,Gustavo A. Madero,PES,González Escoto Armando,distrito,204,Varón
diputados,Aguascalientes,3,Aguascalientes,PAN,González Estrada Martha Elisa,distrito,205,Mujer
diputados,Jalisco,20,Tonalá,MC,González García Ana Priscila,distrito,206,Mujer
diputados,Guanajuato,7,San Francisco Del Rincón,PAN,González Márquez Karen Michel,distrito,207,Mujer
diputados,Sonora,7,Navojoa,PT,González Morales Hildelisa,distrito,208,Mujer
diputados,V Circunscripción,12,,MORENA,González Reyes Marco Antonio,circunscripcion,209,Varón
diputados,Tamaulipas,7,Ciudad Madero,MORENA,González Robledo Erasmo,distrito,210,Varón
diputados,Nuevo León,5,Monterrey,PT,González Soto Santiago,distrito,211,Varón
diputados,Estado De México,27,Metepec,PT,González Yáñez Óscar,distrito,212,Varón
diputados,Chiapas,2,Bochil,MORENA,Gordillo Moreno Alfredo Antonio,distrito,213,Varón
diputados,II Circunscripción,14,,PAN,Gracia Guzmán Raúl,circunscripcion,214,Varón
diputados,II Circunscripción,37,,PRI,Guel Saldívar Norma Adela,circunscripcion,215,Mujer
diputados,Morelos,3,Cuautla,MORENA,Guerra Mena Juanita,distrito,216,Mujer
diputados,III Circunscripción,5,,MORENA,Guerra Méndez Lizeth Amayrani,circunscripcion,217,Mujer
diputados,Estado De México,7,Cuautitlán Izcalli,MORENA,Guerra Navarro Laura Mónica,distrito,218,Mujer
diputados,II Circunscripción,25,,PAN,Guerra Villarreal Isabel Margarita,circunscripcion,219,Mujer
diputados,Michoacán,5,Zamora De Hidalgo,MORENA,Guerrero Barrera Yolanda,distrito,220,Mujer
diputados,Michoacán,8,Morelia,MORENA,Guillén Quiroz Ana Lilia,distrito,221,Mujer
diputados,Oaxaca,10,Miahuatlán De Porfirio Díaz,MORENA,Gutiérrez Gutiérrez Daniel,distrito,222,Varón
diputados,V Circunscripción,8,,MORENA,Gutiérrez Luna Sergio Carlos,circunscripcion,223,Varón
diputados,Chihuahua,9,Hidalgo Del Parral,PAN,Gutiérrez Valdez María de los Angeles,distrito,224,Mujer
diputados,Veracruz,2,Tantoyuca,PAN,Guzmán Avilés Jesús,distrito,225,Varón
diputados,III Circunscripción,26,,PAN,Guzmán Avilés María Del Rosario,circunscripcion,226,Mujer
diputados,I Circunscripción,11,,MORENA,Guzmán De La Torre Francisco Javier,circunscripcion,227,Varón
diputados,Puebla,7,Tepeaca,PES,Guzmán Valdéz Edgar,distrito,228,Varón
diputados,I Circunscripción,37,,PRI,Hernández Deras Ismael Alfredo,circunscripcion,229,Varón
diputados,Estado De México,30,Chimalhuacán,MORENA,Hernández Pérez César Agustín,distrito,230,Varón
diputados,Estado De México,11,Ecatepec De Morelos,MORENA,Hernández Pérez María Eugenia,distrito,231,Mujer
diputados,Estado De México,35,Tenancingo De Degollado,MORENA,Hernández Tapia Arturo Roberto,distrito,232,Varón
diputados,Veracruz,10,Xalapa,MORENA,Hernández Villalpando Rafael,distrito,233,Varón
diputados,V Circunscripción,31,,PRI,Herrera Anzaldo Ana Lilia,circunscripcion,234,Mujer
diputados,Zacatecas,4,Guadalupe,MORENA,Herrera Chávez Samuel,distrito,235,Varón
diputados,Michoacán,7,Zacapu,MORENA,Herrera Pérez Gonzalo,distrito,236,Varón
diputados,Jalisco,10,Zapopan,MC,Herrera Vega Geraldina Isabel,distrito,237,Mujer
diputados,Ciudad De México,10,Miguel Hidalgo,MORENA,Hidalgo Ponce Javier Ariel,distrito,238,Varón
diputados,Michoacán,12,Apatzingán De La Constitución,PT,Huacus Esquivel Francisco Javier,distrito,239,Varón
diputados,Puebla,11,Heroica Puebla De Zaragoza,MORENA,Huerta Corona Benjamín Saúl,distrito,240,Varón
diputados,Estado De México,24,Naucalpan De Juárez,MORENA,Huerta del Río María de los Ángeles,distrito,241,Mujer
diputados,IV Circunscripción,18,,MORENA,Huerta González Agustín Reynaldo,circunscripcion,242,Varón
diputados,Puebla,5,San Martín Texmelucan De Labastida,PT,Huerta Hernández Martha,distrito,243,Mujer
diputados,IV Circunscripción,14,,MORENA,Huerta Martínez Manuel,circunscripcion,244,Varón
diputados,III Circunscripción,36,,PRI,Ingram Vallines Anilú,circunscripcion,245,Mujer
diputados,Yucatán,3,Mérida,MORENA,Interian Gallegos Limbert Iván de Jesús,distrito,246,Varón
diputados,Nayarit,1,Santiago Ixcuintla,MORENA,Jarero Velázquez Miguel Pavel,distrito,247,Varón
diputados,Ciudad De México,3,Azcapotzalco,MORENA,Jáuregui Montes de Oca Miguel Ángel,distrito,248,Varón
diputados,Jalisco,5,Puerto Vallarta,MORENA,Jiménez Andrade Lorena del Socorro,distrito,249,Mujer
diputados,Chiapas,8,Comitán De Domínguez,PT,Jiménez Pérez María Roselia,distrito,250,Mujer
diputados,Puebla,13,Atlixco,MORENA,Jiménez y Meneses Héctor Guillermo de Jesús,distrito,251,Varón
diputados,Oaxaca,2,Teotitlán De Flores Magón,MORENA,Juan Carlos Irma,distrito,252,Varón
diputados,IV Circunscripción,35,,PRI,Juárez Cisneros Rene,circunscripcion,253,Varón
diputados,I Circunscripción,30,,PRD,Juárez Piña Verónica Beatriz,circunscripcion,254,Mujer
diputados,Jalisco,11,Guadalajara,MC,Ku Escalante Kehila Abigail,distrito,255,Mujer
diputados,Sonora,6,Cd. Obregón,MORENA,Lamarque Cano Carlos Javier,distrito,256,Varón
diputados,Chihuahua,3,Juárez,PT,Lastra Muñoz Claudia Elena,distrito,257,Mujer
diputados,III Circunscripción,37,,PRI,Limón Hernández Manuel,circunscripcion,258,Varón
diputados,Yucatán,4,Mérida,PAN,Lixa Abimerhi José Elías,distrito,259,Varón
diputados,Estado De México,25,Chimalhuacán,MORENA,López Aparicio Delfino,distrito,260,Varón
diputados,Querétaro,5,El Pueblito,PAN,López Birlain Ana Paola,distrito,261,Mujer
diputados,I Circunscripción,21,,MORENA,López Castillo Manuel,circunscripcion,262,Varón
diputados,IV Circunscripción,34,,PRI,López Castro Cynthia Iliana,circunscripcion,263,Mujer
diputados,IV Circunscripción,2,,MORENA,López Chávez Maria Beatriz,circunscripcion,264,Mujer
diputados,Nuevo León,10,Monterrey,PAN,López Cisneros José Martín,distrito,265,Varón
diputados,I Circunscripción,12,,MORENA,López Pérez María Teresa,circunscripcion,266,Mujer
diputados,Ciudad De México,5,Tlalpan,MORENA,López Rayón Claudia,distrito,267,Mujer
diputados,Guerrero,4,Acapulco,MORENA,López Rodríguez Abelina,distrito,268,Mujer
diputados,Jalisco,6,Zapopan,MC,Loya Hernández Fabiola Raquel Guadalupe,distrito,269,Mujer
diputados,II Circunscripción,1,,MC,Lozano Mac Donald María del Pilar,circunscripcion,270,Mujer
diputados,Tamaulipas,4,H. Matamoros,PES,Lozano Rodríguez Adriana,distrito,271,Mujer
diputados,Aguascalientes,1,Jesús María,PAN,Luévano Núñez Francisco Javier,distrito,272,Varón
diputados,Puebla,14,Acatlán De Osorio,PT,Maceda Carrera Nelly,distrito,273,Mujer
diputados,Querétaro,4,Santiago De Querétaro,PAN,Macías Olvera Felipe Fernando,distrito,274,Varón
diputados,IV Circunscripción,29,,MC,Macías Rábago Julieta,circunscripcion,275,Mujer
diputados,Zacatecas,1,Fresnillo,MORENA,Maldonado Tapia Mirna Zabeida,distrito,276,Mujer
diputados,Estado De México,16,Ecatepec De Morelos,PT,Manzanilla Téllez Emilio,distrito,277,Varón
diputados,Guerrero,5,Tlapa,MORENA,Manzano Salazar Javier,distrito,278,Varón
diputados,I Circunscripción,25,,PAN,Mares Aguilar José Rigoberto,circunscripcion,279,Varón
diputados,I Circunscripción,9,,MORENA,Márquez González Miguel Ángel,circunscripcion,280,Varón
diputados,III Circunscripción,9,,MORENA,Martínez Aguilar Emeteria Claudia,circunscripcion,281,Mujer
diputados,Campeche,1,San Francisco De Campeche,MORENA,Martínez Aké Carlos Enrique,distrito,282,Varón
diputados,Veracruz,16,Córdoba,MORENA,Martínez Flores Juan,distrito,283,Varón
diputados,IV Circunscripción,19,,MORENA,Martínez González Laura,circunscripcion,284,Mujer
diputados,II Circunscripción,17,,PAN,Martínez Juárez Jacquelina,circunscripcion,285,Mujer
diputados,III Circunscripción,38,,PT,Martínez Ruiz Maribel,circunscripcion,286,Mujer
diputados,IV Circunscripción,27,,PAN,Martínez Terrazas Oscar Daniel,circunscripcion,287,Varón
diputados,Estado De México,32,Valle De Chalco Solidaridad,PT,Martínez Ventura Luis Enrique,distrito,288,Varón
diputados,Estado De México,3,Atlacomulco De Fabela,PT,Marú Mejía María Teresa,distrito,289,Mujer
diputados,Chihuahua,5,Delicias,PAN,Mata Carrasco Mario,distrito,290,Varón
diputados,I Circunscripción,28,,PAN,Mata Lozano Lizbeth,circunscripcion,291,Mujer
diputados,V Circunscripción,6,,MORENA,Maya Martínez Hirepan,circunscripcion,292,Varón
diputados,Ciudad De México,6,La Magdalena Contreras,MORENA,Mayer Bretón Sergio,distrito,293,Varón
diputados,Veracruz,14,Minatitlán,MORENA,Medel Palma Carmen,distrito,294,Mujer
diputados,I Circunscripción,31,,PRI,Medina Herrera Benito,circunscripcion,295,Varón
diputados,Jalisco,12,Santa Cruz De Las Flores,MC,Medina Ortíz Adriana Gabriela,distrito,296,Mujer
diputados,III Circunscripción,18,,MORENA,Medina Pérez Marco Antonio,circunscripcion,297,Varón
diputados,Chihuahua,1,Juárez,MORENA,Mejía Cruz Maria Esther,distrito,298,Mujer
diputados,III Circunscripción,1,,MC,Méndez De La Luz Dauzón Dulce María,circunscripcion,299,Mujer
diputados,Ciudad De México,15,Benito Juárez,PAN,Mendoza Acevedo Luis Alberto,distrito,300,Varón
diputados,V Circunscripción,19,,MORENA,Mercado Torres Edith Marisol,circunscripcion,301,Mujer
diputados,III Circunscripción,7,,MORENA,Merino García Virginia,circunscripcion,302,Mujer
diputados,Guerrero,9,Acapulco,MORENA,Merlín García María del Rosario,distrito,303,Mujer
diputados,IV Circunscripción,6,,MORENA,Mier Velazco Moisés Ignacio,circunscripcion,304,Varón
diputados,Baja California,1,Mexicali,MORENA,Minor Mora Jesús Salvador,distrito,305,Varón
diputados,V Circunscripción,32,,PRI,Miranda Nava Luis Enrique,circunscripcion,306,Varón
diputados,Morelos,1,Cuernavaca,MORENA,Mojica Toledo Alejandro,distrito,307,Varón
diputados,Guerrero,1,Cd. Altamirano,MORENA,Mojica Wences Víctor Adolfo,distrito,308,Varón
diputados,Oaxaca,1,San Juan Bautista Tuxtepec,MORENA,Molina Espinoza Irineo,distrito,309,Varón
diputados,Estado De México,39,Los Reyes Acaquilpan,PT,Montalvo Luna José Luis,distrito,310,Varón
diputados,Durango,2,Gómez Palacio,MORENA,Montes Hernández María de Lourdes,distrito,311,Mujer
diputados,Querétaro,2,San Juan Del Río,MORENA,Montes Nieves Jorge Luis,distrito,312,Varón
diputados,Veracruz,9,Coatepec,MORENA,Mora García Carmen,distrito,313,Mujer
diputados,Estado De México,22,Naucalpan De Juárez,MORENA,Mora Ríos María Teresa Rebeca Rosa,distrito,314,Mujer
diputados,Baja California,7,Mexicali,MORENA,Morales Elvira Erik Isaac,distrito,315,Varón
diputados,Puebla,12,Heroica Puebla De Zaragoza,PES,Morales Flores Eudoxio,distrito,316,Varón
diputados,III Circunscripción,25,,SG,Morales Vázquez Carlos Alberto,circunscripcion,317,Varón
diputados,II Circunscripción,32,,PRI,Moreira Valdez Rubén Ignacio,circunscripcion,318,Varón
diputados,Baja California,5,Tijuana,MORENA,Moreno Gil Mario Ismael,distrito,319,Varón
diputados,Estado De México,26,Toluca De Lerdo,PES,Moreno Medina Esmeralda de los Angeles,distrito,320,Mujer
diputados,IV Circunscripción,12,,MORENA,Muñoz Ledo y Lazo de la Vega Porfirio Alejandro,circunscripcion,321,Varón
diputados,Estado De México,19,Tlalnepantla De Baz,MORENA,Murguía Soto Ulises,distrito,322,Varón
diputados,Guanajuato,9,Irapuato,PAN,Murillo Chávez Janet Melanie,distrito,323,Mujer
diputados,Estado De México,10,Ecatepec De Morelos,MORENA,Navarrete Rivera Alma Delia,distrito,324,Mujer
diputados,V Circunscripción,36,,PRI,Nemer Alvarez Ernesto Javier,circunscripcion,325,Varón
diputados,Baja California,2,Mexicali,MORENA,Noriega Galaz Martha Lizeth,distrito,326,Mujer
diputados,I Circunscripción,36,,PRI,Noroña Quezada Hortensia María Luisa,circunscripcion,327,Mujer
diputados,II Circunscripción,2,,MORENA,Novella Macías Oscar Rafael,circunscripcion,328,Varón
diputados,Tabasco,1,Macuspana,MORENA,Núñez Alvarez Estela,distrito,329,Mujer
diputados,Guanajuato,12,Celaya,PAN,Núñez Cerón Sarai,distrito,330,Mujer
diputados,Chiapas,1,Palenque,MORENA,Obrador Narváez Manuela del Carmen,distrito,331,Mujer
diputados,Guerrero,2,Iguala,MORENA,Ocampo Manzanares Araceli,distrito,332,Mujer
diputados,V Circunscripción,30,,PRI,Ochoa Reza Enrique,circunscripcion,333,Varón
diputados,III Circunscripción,13,,MORENA,Ochoa Valdivia Zaira,circunscripcion,334,Mujer
diputados,Hidalgo,3,Actopan,MORENA,Olvera Bautista Sandra Simey,distrito,335,Mujer
diputados,Estado De México,33,Chalco De Díaz Covarrubias,MORENA,Onofre Vázquez Vicente Alberto,distrito,336,Varón
diputados,Estado De México,23,Lerma De Villada,MORENA,Orihuela Nava David,distrito,337,Varón
diputados,II Circunscripción,28,,PRD,Ortega Martínez Antonio,circunscripcion,338,Varón
diputados,Guanajuato,6,León,PAN,Ortega Martínez Ma. del Pilar,distrito,339,Mujer
diputados,Durango,4,Victoria De Durango,MORENA,Ortega Nájera Hilda Patricia,distrito,340,Mujer
diputados,III Circunscripción,31,,PRI,Ortiz Guarneros Juan,circunscripcion,341,Varón
diputados,Sinaloa,1,Mazatlán,PT,Osuna Medina José Mario,distrito,342,Varón
diputados,Ciudad De México,12,Cuauhtémoc,MORENA,Padierna Luna María de los Dolores,distrito,343,Mujer
diputados,IV Circunscripción,8,,MORENA,Palacios Cordero Lucio Ernesto,circunscripcion,344,Varón
diputados,Quintana Roo,2,Chetumal,MORENA,Palma Olvera Carmen Patricia,distrito,345,Mujer
diputados,Morelos,2,Jiutepec,MORENA,Pani Barragán Alejandra,distrito,346,Mujer
diputados,Puebla,4,Ajalpan,MORENA,Parra Juárez Inés,distrito,347,Mujer
diputados,IV Circunscripción,36,,PRI,Pastor Badilla Claudia,circunscripcion,348,Mujer
diputados,III Circunscripción,22,,PAN,Patrón Laviada Cecilia Anunciación,circunscripcion,349,Mujer
diputados,II Circunscripción,34,,PRI,Pavón Campos Carlos,circunscripcion,350,Varón
diputados,III Circunscripción,40,,MORENA,Peralta De La Peña Ana Patricia,circunscripcion,351,Mujer
diputados,Puebla,9,Heroica Puebla De Zaragoza,MORENA,Pérez Arroyo Alfonso,distrito,352,Varón
diputados,Veracruz,6,Papantla De Olarte,MORENA,Pérez Bernabe Jaime Humberto,distrito,353,Varón
diputados,II Circunscripción,20,,PAN,Pérez Díaz Víctor Manuel,circunscripcion,354,Varón
diputados,Coahuila,6,Torreón,PES,Pérez Hernández José Ángel,distrito,355,Varón
diputados,V Circunscripción,10,,MORENA,Pérez Hernández Sergio,circunscripcion,356,Varón
diputados,Oaxaca,6,Heroica Ciudad De Tlaxiaco,MORENA,Pérez López Beatriz Dominga,distrito,357,Mujer
diputados,I Circunscripción,14,,MORENA,Pérez Mackintosh Miriam Citlally,circunscripcion,358,Mujer
diputados,III Circunscripción,34,,PRI,Pérez Munguía Soraya,circunscripcion,359,Mujer
diputados,Michoacán,10,Morelia,PES,Pérez Negrón Ruiz Iván Arturo,distrito,360,Varón
diputados,Coahuila,1,Piedras Negras,SG,Pérez Rivera Evaristo Lenin,distrito,361,Varón
diputados,Tlaxcala,3,Zacatelco,MORENA,Pérez Rodríguez Claudia,distrito,362,Mujer
diputados,Jalisco,16,Tlaquepaque,MORENA,Pérez Segura Laura Imelda,distrito,363,Mujer
diputados,IV Circunscripción,15,,MORENA,Piña Bernal Adela,circunscripcion,364,Mujer
diputados,III Circunscripción,2,,MORENA,Ponce Cobos Alejandro,circunscripcion,365,Varón
diputados,Nayarit,2,Tepic,MORENA,Ponce Méndez María Geraldine,distrito,366,Mujer
diputados,Quintana Roo,4,Cancún,MORENA,Pool Moo Jesús de los Ángeles,distrito,367,Varón
diputados,Baja California Sur,2,San José Del Cabo,PT,Porras Domínguez Alfredo,distrito,368,Varón
diputados,Chiapas,7,Tonalá,MORENA,Prado de los Santos Miguel,distrito,369,Varón
diputados,V Circunscripción,23,,PAN,Preciado Rodríguez Jorge Luis,circunscripcion,370,Varón
diputados,Jalisco,9,Guadalajara,MC,Prudencio González Carmen Julia,distrito,371,Mujer
diputados,V Circunscripción,35,,PRI,Puente De la Mora Ximena,circunscripcion,372,Mujer
diputados,II Circunscripción,38,,PVEM,Puente Salas Carlos Alberto,circunscripcion,373,Varón
diputados,II Circunscripción,3,,MORENA,Quiroz Rodríguez María Del Carmen,circunscripcion,374,Mujer
diputados,Chiapas,4,Pichucalco,MORENA,Rabelo Velasco Roque Luis,distrito,375,Varón
diputados,Guanajuato,5,León,PAN,Ramírez Barba Éctor Jaime,distrito,376,Varón
diputados,I Circunscripción,20,,MORENA,Ramírez Lucero Martha Patricia,circunscripcion,377,Mujer
diputados,V Circunscripción,16,,MORENA,Ramírez Navarrete Francisco Javier,circunscripcion,378,Varón
diputados,Jalisco,14,Guadalajara,MC,Ramírez Salcido Juan Francisco,distrito,379,Varón
diputados,I Circunscripción,6,,MORENA,Ramos Cruz Verónica,circunscripcion,380,Mujer
diputados,II Circunscripción,6,,MORENA,Ramos Ruiz Juan Israel,circunscripcion,381,Varón
diputados,Ciudad De México,24,Coyoacán,MORENA,Ramos Sotelo Guadalupe,distrito,382,Mujer
diputados,Tamaulipas,5,Ciudad Victoria,PAN,Ramos Tamez Mario Alberto,distrito,383,Varón
diputados,I Circunscripción,10,,MORENA,Regalado Mardueño Carmina Yadira,circunscripcion,384,Mujer
diputados,Estado De México,41,Ojo De Agua,PES,Reséndiz Hernández Nancy Claudia,distrito,385,Mujer
diputados,Guanajuato,13,Valle De Santiago,MORENA,Reyes Carmona Emmanuel,distrito,386,Varón
diputados,Estado De México,40,San Miguel Zinacantepec,MORENA,Reyes Colín Marco Antonio,distrito,387,Varón
diputados,Baja California,3,Ensenada,PT,Reyes Ledesma Armando,distrito,388,Varón
diputados,Veracruz,17,Cosamaloapan,MORENA,Reyes López Valentín,distrito,389,Varón
diputados,IV Circunscripción,13,,MORENA,Reyes Miguel Idalia,circunscripcion,390,Mujer
diputados,Estado De México,18,Huixquilucan De Degollado,PRD,Reyes Montiel Claudia,distrito,391,Mujer
diputados,Chihuahua,6,Chihuahua,PAN,Riggs Baeza Miguel Alonso,distrito,392,Varón
diputados,IV Circunscripción,26,,SG,Riojas Martínez Ana Lucia,circunscripcion,393,Mujer
diputados,Veracruz,20,Cosoleacaque,MORENA,Ríos Fararoni Eulalio Juan,distrito,394,Varón
diputados,Hidalgo,1,Huejutla De Reyes,MORENA,Rivera Castillo Fortunato,distrito,395,Varón
diputados,San Luis Potosí,7,Tamazunchale,PAN,Rivera Hernández Marcelino,distrito,396,Varón
diputados,Estado De México,36,Tejupilco De Hidalgo,PRI,Roa Sánchez Cruz Juvenal,distrito,397,Varón
diputados,Nuevo León,11,Guadalupe,PAN,Robledo Leal Ernesto Alfonso,distrito,398,Varón
diputados,Chiapas,13,Huehuetán,PT,Roblero Gordillo Maricruz,distrito,399,Varón
diputados,Querétaro,3,Santiago De Querétaro,MORENA,Robles Gutiérrez Beatriz Silvia,distrito,400,Mujer
diputados,Oaxaca,8,Oaxaca De Juárez,PT,Robles Montoya Ángel Benjamín,distrito,401,Varón
diputados,Estado De México,29,Cd. Nezahualcóyotl,MORENA,Robles Ortiz Martha,distrito,402,Mujer
diputados,Querétaro,1,Cadereyta De Montes,PAN,Rocha Acosta Sonia,distrito,403,Mujer
diputados,San Luis Potosí,1,Matehuala,PRI,Rocha Medina Ma. Sara,distrito,404,Mujer
diputados,I Circunscripción,19,,MORENA,Rocha Vega Efraín,circunscripcion,405,Varón
diputados,III Circunscripción,17,,MORENA,Rodríguez Arellano Ediltrudis,circunscripcion,406,Mujer
diputados,Jalisco,4,Zapopan,MC,Rodríguez Carrillo Mario Alberto,distrito,407,Varón
diputados,Chihuahua,7,Cuauhtémoc,MORENA,Rodríguez Gómez Eraclio,distrito,408,Varón
diputados,Tabasco,4,Villahermosa,MORENA,Rodríguez González Manuel,distrito,409,Varón
diputados,II Circunscripción,31,,PRI,Rodríguez Mier y Terán Mariana,circunscripcion,410,Mujer
diputados,V Circunscripción,21,,PAN,Rodríguez Rivera Iván Arturo,circunscripcion,411,Varón
diputados,Ciudad De México,18,Iztapalapa,MORENA,Rodríguez Ruiz Ana María,distrito,412,Mujer
diputados,Guanajuato,1,San Luis De La Paz,MC,Rodríguez Vázquez Ariel,distrito,413,Varón
diputados,III Circunscripción,29,,PRD,Rodríguez Zamora Norma Azucena,circunscripcion,414,Mujer
diputados,V Circunscripción,22,,PAN,Rojas Hernández Laura Angélica,circunscripcion,415,Mujer
diputados,Ciudad De México,7,Gustavo A. Madero,MORENA,Rojas Martínez Beatriz,distrito,416,Mujer
diputados,Ciudad De México,20,Iztapalapa,PT,Rojo Pimentel Ana Karina,distrito,417,Mujer
diputados,Estado De México,17,Ecatepec De Morelos,MORENA,Román Ávila María Guadalupe,distrito,418,Mujer
diputados,IV Circunscripción,21,,PAN,Romero Herrera Jorge,circunscripcion,419,Varón
diputados,Guanajuato,4,Guanajuato,PAN,Romero Hicks Juan Carlos,distrito,420,Varón
diputados,V Circunscripción,26,,PAN,Romero León Gloria,circunscripcion,421,Mujer
diputados,Jalisco,2,Lagos De Moreno,PAN,Romo Cuéllar Martha Estela,distrito,422,Mujer
diputados,Jalisco,3,Tepatitlán De Morelos,PAN,Romo Romo Guadalupe,distrito,423,Varón
diputados,Jalisco,1,Tequila,MC,Ron Ramos Eduardo,distrito,424,Varón
diputados,IV Circunscripción,31,,MORENA,Rosas Martínez Luz Estefanía,circunscripcion,425,Mujer
diputados,Tamaulipas,1,Nuevo Laredo,PAN,Rosas Quintanilla José Salvador,distrito,426,Varón
diputados,I Circunscripción,39,,MORENA,Rosas Uribe Erika Mariana,circunscripcion,427,Mujer
diputados,Ciudad De México,8,Cuauhtémoc,PES,Rosete Sánchez María de Jesús,distrito,428,Mujer
diputados,Chiapas,11,Las Margaritas,PVEM,Rubio Montejo Roberto Antonio,distrito,429,Varón
diputados,I Circunscripción,23,,PAN,Ruffo Appel Ernesto Guillermo,circunscripcion,430,Varón
diputados,V Circunscripción,14,,MORENA,Ruiz Lustre Hugo Rafael,circunscripcion,431,Varón
diputados,I Circunscripción,5,,MC,Russo Salido Jorge Eugenio,circunscripcion,432,Varón
diputados,San Luis Potosí,5,San Luis Potosí,PAN,Salazar Báez Josefina,distrito,433,Mujer
diputados,Coahuila,5,Torreón,MORENA,Salazar Fernández Luis Fernando,distrito,434,Varón
diputados,IV Circunscripción,32,,PRI,Saldaña Pérez María Lucero,circunscripcion,435,Mujer
diputados,Ciudad De México,17,Cuajimalpa De Morelos,PES,Saldivar Camacho Francisco Javier,distrito,436,Varón
diputados,V Circunscripción,29,,MORENA,Salinas Narváez Javier,circunscripcion,437,Varón
diputados,V Circunscripción,2,,MC,Salinas Reyes Ruth,circunscripcion,438,Mujer
diputados,Nuevo León,1,Santa Catarina,PAN,Salinas Wolberg Hernán,distrito,439,Varón
diputados,Puebla,10,Cholula De Rivadavia,PES,Salvatori Bojalil Nayeli,distrito,440,Mujer
diputados,Estado De México,15,Ciudad Adolfo López Mateos,MORENA,Sánchez Barrales Zavalza Raúl Ernesto,distrito,441,Varón
diputados,Guerrero,7,Chilpancingo,MORENA,Sánchez Barrios Carlos,distrito,442,Varón
diputados,Michoacán,6,Ciudad Hidalgo,MORENA,Sánchez Castro Anita,distrito,443,Mujer
diputados,II Circunscripción,7,,MORENA,Sánchez Galván Miroslava,circunscripcion,444,Mujer
diputados,I Circunscripción,32,,PRI,Sánchez Martínez Lourdes Erika,circunscripcion,445,Mujer
diputados,Estado De México,21,Amecameca De Juárez,MORENA,Sánchez Ortiz Graciela,distrito,446,Mujer
diputados,Estado De México,20,Cd. Nezahualcóyotl,MORENA,Sánchez Rodríguez Juan Pablo,distrito,447,Varón
diputados,V Circunscripción,38,,PT,Sandoval Flores Reginaldo,circunscripcion,448,Varón
diputados,V Circunscripción,24,,PAN,Sandoval Mendoza María Liduvina,circunscripcion,449,Mujer
diputados,I Circunscripción,16,,MORENA,Sandoval Soberanes Lucinda,circunscripcion,450,Mujer
diputados,Oaxaca,4,Tlacolula De Matamoros,MORENA,Santiago Chepi Azael,distrito,451,Varón
diputados,III Circunscripción,4,,MORENA,Santiago Manuel Iran,circunscripcion,452,Varón
diputados,Sinaloa,5,Culiacán De Rosales,MORENA,Santiago Marcos Nancy Yadira,distrito,453,Mujer
diputados,II Circunscripción,12,,MORENA,Santos Díaz Edelmiro Santiago,circunscripcion,454,Varón
diputados,III Circunscripción,32,,PRI,Sauri Riancho Dulce María,circunscripcion,455,Mujer
diputados,IV Circunscripción,28,,SG,Serrano Cortes Héctor,circunscripcion,456,Varón
diputados,III Circunscripción,12,,MORENA,Sibaja Mendoza Jorge Ángel,circunscripcion,457,Varón
diputados,IV Circunscripción,24,,PAN,Sobrado Rodríguez Verónica María,circunscripcion,458,Mujer
diputados,V Circunscripción,11,,MORENA,Solís Barrera María Marivel,circunscripcion,459,Mujer
diputados,Tamaulipas,8,Tampico,PES,Sosa Ruíz Olga Patricia,distrito,460,Mujer
diputados,Tlaxcala,1,Apizaco,PT,Sosa Salinas José de la Luz,distrito,461,Varón
diputados,IV Circunscripción,1,,MC,Tagle Martínez Martha Angélica,circunscripcion,462,Mujer
diputados,Quintana Roo,1,Playa Del Carmen,PES,Teissier Zavala Adriana Paulina,distrito,463,Mujer
diputados,Michoacán,4,Jiquilpan De Juárez,PAN,Tejeda Cid Armando,distrito,464,Varón
diputados,Hidalgo,7,Tepeapulco,MORENA,Tellez Infante Jannet,distrito,465,Mujer
diputados,Veracruz,8,Xalapa,MORENA,Tello Espinosa Claudia,distrito,466,Mujer
diputados,Veracruz,19,San Andrés Tuxtla,MORENA,Tenorio Adame Paola,distrito,467,Mujer
diputados,Tlaxcala,2,Tlaxcala De Xicohténcatl,MORENA,Terán Águila Rubén,distrito,468,Varón
diputados,I Circunscripción,34,,PES,Terán Villalobos Irma María,circunscripcion,469,Mujer
diputados,I Circunscripción,22,,PAN,Terrazas Baca Patricia,circunscripcion,470,Mujer
diputados,IV Circunscripción,30,,SG,Toledo Gutiérrez Mauricio Alonso,circunscripcion,471,Varón
diputados,Aguascalientes,2,Aguascalientes,PES,Torres Díaz Elba Lorena,distrito,472,Mujer
diputados,II Circunscripción,24,,PAN,Torres Graciano Fernando,circunscripcion,473,Varón
diputados,II Circunscripción,15,,PAN,Torres Peimbert María Marcela,circunscripcion,474,Mujer
diputados,V Circunscripción,27,,MORENA,Torres Piña Carlos,circunscripcion,475,Varón
diputados,V Circunscripción,25,,PAN,Torres Ramírez Adolfo,circunscripcion,476,Varón
diputados,II Circunscripción,16,,PAN,Trejo Reyes José Isabel,circunscripcion,477,Varón
diputados,II Circunscripción,30,,PRI,Treviño Villarreal Pedro Pablo,circunscripcion,478,Varón
diputados,III Circunscripción,15,,MORENA,Valencia Cruz Rosalba,circunscripcion,479,Mujer
diputados,III Circunscripción,23,,PAN,Valenzuela González Carlos Alberto,circunscripcion,480,Varón
diputados,Sonora,3,Hermosillo,MORENA,Valles Sampedro Lorenia Iveth,distrito,481,Mujer
diputados,Ciudad De México,22,Iztapalapa,MORENA,Varela López Víctor Gabriel,distrito,482,Varón
diputados,Nuevo León,8,Guadalupe,PES,Vargas Contreras Ernesto,distrito,483,Varón
diputados,II Circunscripción,5,,MORENA,Vargas Hernández Lidia Nallely,circunscripcion,484,Mujer
diputados,Chihuahua,2,Juárez,MORENA,Vargas Meraz Teresita de Jesús,distrito,485,Mujer
diputados,Estado De México,2,Santa Maria Tultepec,PT,Vázquez García Dionicia,distrito,486,Mujer
diputados,Chiapas,3,Ocosingo,MORENA,Vazquez Vazquez Alfredo,distrito,487,Varón
diputados,V Circunscripción,33,,PRI,Velasco González Marcela Guillermina,circunscripcion,488,Mujer
diputados,II Circunscripción,11,,MORENA,Veloz Silva María Luisa,circunscripcion,489,Mujer
diputados,Puebla,8,Ciudad Serdán,MORENA,Vences Valencia Julieta Kristal,distrito,490,Mujer
diputados,Tamaulipas,6,Ciudad Mante,PAN,Verastegui Ostos Vicente Javier,distrito,491,Varón
diputados,Yucatán,1,Valladolid,PVEM,Vidal Peniche Jesús Carlos,distrito,492,Varón
diputados,V Circunscripción,20,,MORENA,Viedma Velázquez Alejandro,circunscripcion,493,Varón
diputados,I Circunscripción,15,,MORENA,Villa Villegas Alberto,circunscripcion,494,Varón
diputados,Guanajuato,10,Uriangato,PVEM,Villafuerte Zavala Lilia,distrito,495,Mujer
diputados,Nayarit,3,Compostela,MORENA,Villalvazo Amaya Mirtha Iliana,distrito,496,Mujer
diputados,IV Circunscripción,20,,MORENA,Villarauz Martínez Rocío del Pilar,circunscripcion,497,Mujer
diputados,Guanajuato,2,San Miguel De Allende,PAN,Villarreal García Ricardo,distrito,498,Varón
diputados,I Circunscripción,17,,MORENA,Villarreal Pasaret Francisco Jorge,circunscripcion,499,Varón
diputados,Jalisco,7,Tonalá,MC,Villarreal Salazar Juan Carlos,distrito,500,Varón
diputados,Ciudad De México,16,Álvaro Obregón,MORENA,Villavicencio Ayala Silvia Lorena,distrito,501,Mujer
diputados,I Circunscripción,33,,PRI,Villegas Arreola Alfredo,circunscripcion,502,Varón
diputados,Tamaulipas,3,Río Bravo,PES,Villegas González Héctor Joel,distrito,503,Varón
diputados,Veracruz,15,Orizaba,MORENA,Villegas Guarneros Dulce María Corina,distrito,504,Mujer
diputados,Sinaloa,7,Culiacán De Rosales,MORENA,Villegas Sánchez Merary,distrito,505,Mujer
diputados,Colima,1,Colima,MORENA,Yáñez Centeno y Cabrera Claudia Valeria,distrito,506,Mujer
diputados,III Circunscripción,33,,PRI,Yunes Landa Héctor,circunscripcion,507,Varón
diputados,Sinaloa,4,Guasave,MORENA,Zamora Valdéz Casimiro,distrito,508,Varón
diputados,I Circunscripción,2,,MC,Zamudio Macias Martha Angélica,circunscripcion,509,Mujer
diputados,Estado De México,9,San Felipe Del Progreso,PRI,Zarzosa Sánchez Eduardo,distrito,510,Varón
diputados,III Circunscripción,11,,MORENA,Zavaleta Sánchez Graciela,circunscripcion,511,Mujer
diputados,Tamaulipas,9,Reynosa,PT,Zertuche Zuani Armando Javier,distrito,512,Varón
senadores,Campeche,,,MORENA,"Abreu Artiñano, Rocío Adriana",Primera Minoría,513,Mujer
senadores,Representación Proporcional,,,PRI,"Aceves del Olmo, Carlos Humberto",circunscripcion,514,Varón
senadores,Ciudad De México,,,SG,"Álvarez Icaza Longoria, Emilio",Primera Minoría,515,Varón
senadores,Zacatecas,,,PRI,"Anaya Mota, Claudia Edith",Primera Minoría,516,Mujer
senadores,Guerrero,,,PRI,"Añorve Baños, Manuel",Primera Minoría,517,Varón
senadores,Michoacán,,,MORENA,"Arias Solís, Cristóbal",Mayoría Relativa,518,Varón
senadores,Puebla,,,MORENA,"Armenta Mier, Alejandro",Mayoría Relativa,519,Varón
senadores,Representación Proporcional,,,PES,"Ávila Vázquez, Katya Elizabeth",circunscripcion,520,Mujer
senadores,Representación Proporcional,,,PRI,"Ávila Villegas, Eruviel",circunscripcion,521,Varón
senadores,Representación Proporcional,,,MORENA,"Balderas Espinoza, Claudia Esther",circunscripcion,522,Mujer
senadores,Representación Proporcional,,,PT,"Bañuelos de la Torre, Geovanna del Carmen",circunscripcion,523,Mujer
senadores,Ciudad De México,,,MORENA,"Batres Guadarrama, Martí",Mayoría Relativa,524,Varón
senadores,Sonora,,,PRI,"Beltrones Sánchez, Sylvana",Primera Minoría,525,Mujer
senadores,Colima,,,PVEM,"Benavides Cobos, Gabriela",Primera Minoría,526,Mujer
senadores,Guanajuato,,,PAN,"Bermúdez Méndez, José Erandi",Mayoría Relativa,527,Varón
senadores,Oaxaca,,,PVEM,"Bolaños-Cacho Cué, Raúl",Primera Minoría,528,Varón
senadores,Sonora,,,MORENA,"Bours Griffith, Arturo",Mayoría Relativa,529,Varón
senadores,Yucatán,,,PVEM,"Camino Farjat, Verónica Noemí",Mayoría Relativa,530,Mujer
senadores,Chihuahua,,,MORENA,"Caraveo Camarena, Bertha Alicia",Mayoría Relativa,531,Mujer
senadores,Jalisco,,,MORENA,"Cárdenas Mariscal, María Antonia",Primera Minoría,532,Mujer
senadores,Jalisco,,,MC,"Castañeda Hoeflich, José Clemente",Mayoría Relativa,533,Varón
senadores,Chiapas,,,MC,"Castañón Ramírez, Noé Fernando",Primera Minoría,534,Varón
senadores,Sinaloa,,,MORENA,"Castro Castro, Imelda",Mayoría Relativa,535,Mujer
senadores,Tamaulipas,,,MORENA,"Covarrubias Cervantes, María Guadalupe",Mayoría Relativa,536,Mujer
senadores,Baja California,,,PAN,"Cruz Blackledge, Gina Andrea",Primera Minoría,537,Mujer
senadores,Puebla,,,PT,"De la Sierra Arámburo, Nancy",Mayoría Relativa,538,Mujer
senadores,Chiapas,,,PES,"De León Villard, Sasil Dora Luz",Mayoría Relativa,539,Mujer
senadores,Jalisco,,,MC,"Delgadillo García, Verónica",Mayoría Relativa,540,Mujer
senadores,Representación Proporcional,,,MC,"Delgado Rannauro, Dante Alfonso",circunscripcion,541,Varón
senadores,San Luis Potosí,,,MORENA,"Dothé Mata, Primo",Primera Minoría,542,Varón
senadores,Durango,,,MC,"Enríquez Herrera, José Ramón",Primera Minoría,543,Varón
senadores,Tabasco,,,MORENA,"Fernández Balboa, Mónica",Mayoría Relativa,544,Mujer
senadores,Tabasco,,,PRD,"Fócil Pérez, Juan Manuel",Primera Minoría,545,Varón
senadores,Nuevo León,,,PAN,"Fuentes Solís, Víctor Oswaldo",Primera Minoría,546,Varón
senadores,Coahuila,,,MORENA,"Galaz Caletti, Eva Eugenia",Mayoría Relativa,547,Mujer
senadores,Representación Proporcional,,,PAN,"Gálvez Ruiz, Bertha Xóchitl",circunscripcion,548,Mujer
senadores,San Luis Potosí,,,PAN,"Gama Basarte, Marco Antonio",Mayoría Relativa,549,Varón
senadores,Tamaulipas,,,PAN,"García Cabeza de Vaca, Ismael",Primera Minoría,550,Varón
senadores,Michoacán,,,PRD,"García Conejo, Antonio",Primera Minoría,551,Varón
senadores,Nuevo León,,,MC,"García Sepúlveda, Samuel Alejandro",Mayoría Relativa,552,Varón
senadores,Morelos,,,PRI,"García Yáñez, Ángel",Primera Minoría,553,Varón
senadores,Representación Proporcional,,,MORENA,"Gómez Urrutia, Napoleón",circunscripcion,554,Varón
senadores,Hidalgo,,,MORENA,"González González, María Merced",Mayoría Relativa,555,Mujer
senadores,Coahuila,,,MORENA,"Guadiana Tijerina, Santana Armando",Mayoría Relativa,556,Varón
senadores,Estado De México,,,MORENA,"Guerrero Sánchez, Martha",Mayoría Relativa,557,Mujer
senadores,Aguascalientes,,,MORENA,"Gutiérrez Castorena, Daniel",Primera Minoría,558,Varón
senadores,Oaxaca,,,MORENA,"Harp Iturribarría, Susana",Mayoría Relativa,559,Mujer
senadores,Ciudad De México,,,MORENA,"Hernández Mora, Minerva Citlalli",Mayoría Relativa,560,Mujer
senadores,Tlaxcala,,,PAN,"Hernández Ramos, Minerva",Primera Minoría,561,Mujer
senadores,Oaxaca,,,MORENA,"Jara Cruz, Salomón",Mayoría Relativa,562,Varón
senadores,Querétaro,,,MORENA,"Jiménez Yáñez, Juan José",Primera Minoría,563,Varón
senadores,Nuevo León,,,MC,"Kempis Martínez, Indira",Mayoría Relativa,564,Mujer
senadores,Querétaro,,,PAN,"Kuri González, Mauricio",Mayoría Relativa,565,Varón
senadores,Representación Proporcional,,,PVEM,"Lagunes Soto Ruíz, Alejandra",circunscripcion,566,Mujer
senadores,Baja California,,,PT,"León Gastélum, Alejandra del Carmen",Mayoría Relativa,567,Mujer
senadores,Representación Proporcional,,,PAN,"López Rabadán, Kenia",circunscripcion,568,Mujer
senadores,Durango,,,PT,"Lucero Olivas, Miguel Ángel",Mayoría Relativa,569,Varón
senadores,Zacatecas,,,MORENA,"Luévano Cantú, María Soledad",Mayoría Relativa,570,Mujer
senadores,Chihuahua,,,PAN,"Madero Muñoz, Gustavo Enrique",Primera Minoría,571,Varón
senadores,Representación Proporcional,,,PRD,"Mancera Espinosa, Miguel Ángel",circunscripcion,572,Varón
senadores,Aguascalientes,,,PAN,"Márquez Alvarado, Martha Cecilia",Mayoría Relativa,573,Mujer
senadores,Aguascalientes,,,PAN,"Martín del Campo Martín del Campo, Juan Antonio",Mayoría Relativa,574,Varón
senadores,Representación Proporcional,,,MORENA,"Martínez Cázares, Germán",circunscripcion,575,Varón
senadores,Coahuila,,,PRI,"Martínez García, Verónica",Primera Minoría,576,Mujer
senadores,Representación Proporcional,,,MORENA,"Martínez Hernández, Ifigenia Martha",circunscripcion,577,Mujer
senadores,Estado De México,,,MORENA,"Martínez Miranda, Higinio",Mayoría Relativa,578,Varón
senadores,Quintana Roo,,,PAN,"Martínez Simón, Mayuli Latifa",Primera Minoría,579,Mujer
senadores,Hidalgo,,,PRI,"Mayorga Delgado, Nuvia Magdalena",Primera Minoría,580,Mujer
senadores,Hidalgo,,,MORENA,"Menchaca Salazar, Julio Ramón",Mayoría Relativa,581,Varón
senadores,Representación Proporcional,,,MORENA,"Méndez Ortiz, Casimiro",circunscripcion,582,Varón
senadores,Representación Proporcional,,,MC,"Mercado Castro, Dora Patricia",circunscripcion,583,Mujer
senadores,Morelos,,,MORENA,"Meza Guzmán, Lucía Virginia",Mayoría Relativa,584,Mujer
senadores,Guanajuato,,,MORENA,"Micher Camarena, Martha Lucía",Primera Minoría,585,Mujer
senadores,Tlaxcala,,,MORENA,"Molina Ramírez, Joel",Mayoría Relativa,586,Varón
senadores,Representación Proporcional,,,MORENA,"Monreal Ávila, Ricardo",circunscripcion,587,Varón
senadores,Representación Proporcional,,,PES,"Mora Arellano, Elvia Marcela",circunscripcion,588,Mujer
senadores,Representación Proporcional,,,PAN,"Moya Clemente, Roberto Juan",circunscripcion,589,Varón
senadores,Querétaro,,,PAN,"Murguía Gutiérrez, María Guadalupe",Mayoría Relativa,590,Mujer
senadores,Zacatecas,,,MORENA,"Narro Céspedes, José",Mayoría Relativa,591,Varón
senadores,Puebla,,,PAN,"Navarro Acevedo, Nadia",Primera Minoría,592,Mujer
senadores,Nayarit,,,MORENA,"Navarro Quintero, Miguel Ángel",Mayoría Relativa,593,Varón
senadores,Baja California,,,MORENA,"Novelo Osuna, Gerardo",Mayoría Relativa,594,Varón
senadores,San Luis Potosí,,,PVEM,"Noyola Cervantes, Ma. Leonor",Mayoría Relativa,595,Mujer
senadores,Nayarit,,,PAN,"Núñez Sánchez, Gloria Elizabeth",Primera Minoría,596,Mujer
senadores,Representación Proporcional,,,PRI,"Osorio Chong, Miguel Ángel",circunscripcion,597,Varón
senadores,Campeche,,,MORENA,"Ostoa Ortega, Aníbal",Mayoría Relativa,598,Varón
senadores,Colima,,,PT,"Padilla Peña, Joel",Mayoría Relativa,599,Varón
senadores,Representación Proporcional,,,PRI,"Paredes Rangel, Beatriz Elena",circunscripcion,600,Mujer
senadores,Yucatán,,,PAN,"Paz Alonzo, Raúl",Primera Minoría,601,Varón
senadores,Quintana Roo,,,MORENA,"Pech Várguez, José Luis",Mayoría Relativa,602,Varón
senadores,Representación Proporcional,,,MORENA,"Peña Villa, José Alejandro",circunscripcion,603,Varón
senadores,Tabasco,,,MORENA,"Peralta Suárez, Ovidio Salvador",Mayoría Relativa,604,Varón
senadores,Veracruz,,,MORENA,"Pérez Astorga, Ernesto",Mayoría Relativa,605,Varón
senadores,Chihuahua,,,MORENA,"Pérez Cuellar, Cruz",Mayoría Relativa,606,Varón
senadores,Michoacán,,,MORENA,"Piña Gudiño, Blanca Estela",Mayoría Relativa,607,Mujer
senadores,Nayarit,,,PT,"Pinedo Alonso, Cora Cecilia",Mayoría Relativa,608,Mujer
senadores,Chiapas,,,MORENA,"Ramírez Aguilar, Oscar Eduardo",Mayoría Relativa,609,Varón
senadores,Yucatán,,,PRI,"Ramírez Marín, Jorge Carlos",Mayoría Relativa,610,Varón
senadores,Veracruz,,,PAN,"Rementería Del Puerto, Julen",Primera Minoría,611,Varón
senadores,Guanajuato,,,PAN,"Reynoso Sánchez, Alejandra Noemí",Mayoría Relativa,612,Mujer
senadores,Tlaxcala,,,MORENA,"Rivera Rivera, Ana Lilia",Mayoría Relativa,613,Mujer
senadores,Sinaloa,,,MORENA,"Rocha Moya, Rubén",Mayoría Relativa,614,Varón
senadores,Representación Proporcional,,,MORENA,"Rodríguez Ramírez, Laura María de Jesús",circunscripcion,615,Mujer
senadores,Representación Proporcional,,,PES,"Romo Molina, Eunice Renata",circunscripcion,616,Mujer
senadores,Representación Proporcional,,,PAN,"Rosales San Román, Indira de Jesús",circunscripcion,617,Mujer
senadores,Representación Proporcional,,,PRI,"Rubio Márquez, Vanessa",circunscripcion,618,Mujer
senadores,Representación Proporcional,,,PRI,"Ruiz Massieu Salinas, Claudia",circunscripcion,619,Mujer
senadores,Morelos,,,MORENA,"Salazar Solorio, Radamés",Mayoría Relativa,620,Varón
senadores,Baja California Sur,,,PAN,"Saldaña Cisneros, María Guadalupe",Primera Minoría,621,Mujer
senadores,Guerrero,,,MORENA,"Salgado García, Nestora",Mayoría Relativa,622,Mujer
senadores,Guerrero,,,MORENA,"Salgado Macedonio, José Félix",Mayoría Relativa,623,Varón
senadores,Campeche,,,MORENA,"Sánchez García, Cecilia Margarita",Mayoría Relativa,624,Mujer
senadores,Veracruz,,,MORENA,"Sánchez Hernández, Gloria",Mayoría Relativa,625,Mujer
senadores,Sonora,,,MORENA,"Téllez García, María Lilly del Carmen",Mayoría Relativa,626,Mujer
senadores,Baja California Sur,,,MORENA,"Trasviña Waldenrath, Jesús Lucía",Mayoría Relativa,627,Mujer
senadores,Durango,,,MORENA,"Valdez Martínez, Lilia Margarita",Mayoría Relativa,628,Mujer
senadores,Colima,,,MORENA,"Valencia de la Mora, Gricelda",Mayoría Relativa,629,Mujer
senadores,Representación Proporcional,,,MORENA,"Vasconcelos, Héctor Enrique",circunscripcion,630,Varón
senadores,Representación Proporcional,,,MORENA,"Vázquez Alatorre, Antares Guadalupe",circunscripcion,631,Mujer
senadores,Representación Proporcional,,,PAN,"Vázquez Mota, Josefina Eugenia",circunscripcion,632,Mujer
senadores,Representación Proporcional,,,PVEM,"Velasco Coello, Manuel",circunscripcion,633,Varón
senadores,Baja California Sur,,,MORENA,"Velázquez Meza, Ricardo",Mayoría Relativa,634,Varón
senadores,Tamaulipas,,,MORENA,"Villarreal Anaya, Américo",Mayoría Relativa,635,Varón
senadores,Quintana Roo,,,MORENA,"Villegas Canché, Freyda Marybel",Mayoría Relativa,636,Mujer
senadores,Sinaloa,,,PRI,"Zamora Gastélum, Mario",Primera Minoría,637,Varón
senadores,Representación Proporcional,,,PVEM,"Zamora Guzmán, Rogelio Israel",circunscripcion,638,Varón
senadores,Estado De México,,,MC,"Zepeda Hernández, Juan Manuel",Primera Minoría,639,Varón
senadores,Representación Proporcional,,,PAN,"Zepeda Vidales, Damián",circunscripcion,640,Varón