id,nombre,objetivo,antiguedad,sitio,presencia,localizacion,cantMiembros,cantMiembrosNormalizado,cantMiembrosNormalizadoValue,areas,impacto,estrategias,politicas,vinculoNDC,8. ¿Qué tipo de miembros componen su Red?,tipoMiembros,9. ¿Con cuál/es otros actores o redes tiene vínculos su Red ?,10. Tipo de Red: ¿Qué comparten o une a los miembros de su Red?,12. ¿Cuál es el vínculo de su Red con el Cambio Climático?,14.2 Clasifique las acciones climáticas que lleva adelante su Red según los resultados.,16. ¿Cuáles son las principales barreras de su Red?
1,Adapt Chile - Red Chilena de Municipios ante el Cambio Climático (RedMuniCC),Fortalecer la gestión climática local a través del trabajo con los municipios miembros de la RedMuniCC,5,www.redmunicc.cl,Chile,Chile,21 a 50,1 a 50,25,"Energía, Transporte, Agua, Residuos, Ciudades, Resiliencia",Ambos,"Producción de conocimiento y fortalecimiento de capacidades, Campañas de difusión, Capacitación técnica, Gestión participativa, Actividades de lobby",Sí,Sí,Gobiernos Municipales/Ciudades,Gobiernos Municipales/Ciudades,,Promoción de acciones específicas,Directo,"Fortalecimiento de capacidades, Fortalecimiento de la capacidad de adaptación, Elaboración de planes de acción",
2,Red Argentina de Municipios frente al Cambio Climático,"Acompañar a los gobiernos locales de Argentina en el diseño y ejecución de sus estrategias de mitigación y adaptación al cambio climático en concordancia con las metas, compromisos y polìticas internacionalmente delineadas por los principales organismos en la temática.",7,www.ramcc.net,Argentina,Argentina,151 a 300,151 a 300,225,"Energía, Transporte, Residuos, Construcción sustentable, Ciudades, Financiamiento",Ambos,"Producción de conocimiento y fortalecimiento de capacidades, Campañas de difusión, Capacitación técnica, Financiamiento, Elaboración de normativa y legislación, Planificación de políticas",Sí,Sí,Gobiernos Municipales/Ciudades,Gobiernos Municipales/Ciudades,,Territorial,Directo,"Fortalecimiento de capacidades, Reducción de gases de efecto invernadero, Fortalecimiento de la capacidad de adaptación, Difusión de conocimiento, Elaboración de planes de acción, Mejora de la gobernanza",
3,Observatório do Clima,Promover el avance en políticas públicas sobre cambios climáticos en Brasil y en las posiciones y compromisos del país en procesos multilaterales,16,Http://www.observatoriodoclima.eco.br,Brasil,Brasil,21 a 50,1 a 50,25,"Energía, Agricultura y Ganadería, Bosques, adaptación, políticas públicas, procesos multilaterales",Ambos,"Producción de conocimiento y fortalecimiento de capacidades, Actividades de lobby, Planificación de políticas",Sí,Sí,Organizaciones No Gubernamentales,Organizaciones No Gubernamentales,0,Colaboración entre actores específicos,Directo,"Reducción de gases de efecto invernadero, Elaboración de planes de acción, Mejora de la gobernanza",
4,Red Uruguaya de ONGs Ambientalistas,"La Red Uruguaya de ONG´s Ambientalistas, es una institución de segundo grado, fundada en 1991, como un órgano de cooperación activa que fomenta la participación informada y potencia los esfuerzos del movimiento ambiental uruguayo",27,http://reduruguayaongambientalistas.webs.com/,Uruguay,Uruguay,51 a 100,51 a 150,100,"Agua, Residuos, Bosques, Océanos, Resiliencia, AMBIENTE Y TERRITORIO",Adaptación y Resiliencia,"Producción de conocimiento y fortalecimiento de capacidades, Campañas de difusión, Implementación técnica en el terreno",Sí,Sí,Organizaciones No Gubernamentales,Organizaciones No Gubernamentales,"Gobierno nacional, departamental y local. ",Sector,Indirecto,"Fortalecimiento de la capacidad de adaptación, Difusión de conocimiento, Mejora de la gobernanza",
5,CEUS CHILE,"Red de estudiantes, técnicos y profesionales sustentables de Chile",3,www.ceuschile.cl,Chile,Chile,21 a 50,1 a 50,25,"Energía, Agua, Resiliencia",Ambos,"Producción de conocimiento y fortalecimiento de capacidades, Capacitación técnica, Planificación de políticas",Sí,No,"Empresas, Academia, Organizaciones No Gubernamentales, Gobiernos Nacionales, Gobiernos Municipales/Ciudades, Individuos, Multisectorial",Multisectorial,"PNUD, Universidad de Chile, Centro de Ciencias del Clima y la Resiliencia",Colaboración entre actores específicos,Directo,"Fortalecimiento de capacidades, Fortalecimiento de la capacidad de adaptación, Difusión de conocimiento",
6,MIRA - PENSADORAS URBANAS,"Pensadoras Urbanas Mèxico- Peru en la Agenda Global de Naciones Unidades trabajo de equipo de mujers en 30 ciudades que estudiamos, sistematizamos, analizar, difundir, informar su estatus, explicar, decir  còmo incorporar la perspectiva de gènero, exponerlo en pàgina web y documentar, siempre documentar.",3,httsites.google.com/view/pensadorasurbanasacandidatasos,"México, Perú",México,Más de 300,Más de 300,400,"Energía, Agricultura y Ganadería, Agua, mujeres",Ambos,"Producción de conocimiento y fortalecimiento de capacidades, Campañas de difusión, Capacitación técnica, Gestión participativa",Sí,Sí,"Empresas, Academia, Organizaciones No Gubernamentales, Individuos, Multisectorial",Multisectorial,"municipios, universidades, escuelas.",Sector,Directo,"Fortalecimiento de capacidades, Difusión de conocimiento, Elaboración de planes de acción",
7,ACT,Erraadicación de la pobreza,15,https://actalliance.org/es/,"Argentina, Bolivia, Brasil, Colombia, El Salvador, Guatemala, Honduras, Nicaragua, Perú, República Dominicana",Cuba,21 a 50,1 a 50,25,"Energía, Agricultura y Ganadería, Asentamientos, Resiliencia, Financiamiento",Ambos,"Producción de conocimiento y fortalecimiento de capacidades, Implementación técnica en el terreno, Planificación de políticas",Sí,No,Organizaciones No Gubernamentales,Organizaciones No Gubernamentales,"CAN, SEGIB",Sector,Directo,"Reducción de gases de efecto invernadero, Reducción del riesgo, Fortalecimiento de la capacidad de adaptación",
8,Periodistas por el Planeta,"Aportar, comunicar y concientizar sobre los riesgos y efectos del cambio climático",1,Facebook: Periodistas por el Planeta,Argentina,Argentina,1 a 20,1 a 50,25,"Energía, Transporte, Residuos, Ciudades",Ambos,"Producción de conocimiento y fortalecimiento de capacidades, Campañas de difusión, Capacitación técnica",Sí,No,"Individuos, Periodistas",Individuos,"Con científicos, stakeholders y ONGs",Promoción de acciones específicas,Indirecto,"Fortalecimiento de capacidades, Difusión de conocimiento, Mejora de la gobernanza",
9,Grupo REDD+,Fomentar la buena gobernanza en la implementación de REDD+,10,http://www.gruporeddperu.com/ ,Perú,Perú,21 a 50,1 a 50,25,"Bosques, Financiamiento",Mitigación,"Producción de conocimiento y fortalecimiento de capacidades, Capacitación técnica, Gestión participativa",Sí,Sí,"Empresas, Academia, Organizaciones No Gubernamentales, Gobiernos Subnacionales, Individuos, Organizaciones indígenas",Multisectorial,Gobierno nacional,Promoción de acciones específicas,Directo,"Fortalecimiento de capacidades, Difusión de conocimiento, Mejora de la gobernanza",
10,Gran Chaco PROADAPT,"Una alianza trinacional integrada por la sociedad civil organizada, el sector privado, el sistema de ciencia y tecnología, los gobiernos locales y la inversión climática nacional e internacional para contribuir en la capacidad adaptativa de los grupos sociales más vulnerables del Gran Chaco Americano y a una mayor resiliencia de sus producciones de esta región  frente a impactos derivados del cambio climático y la variabilidad climática.",2,http://www.granchacoproadapt.org/portal/principal/,"Argentina, Bolivia, Paraguay",Argentina,151 a 300,151 a 300,225,"Agricultura y Ganadería, Agua, Bosques, Resiliencia, Innovación, Planes de Adaptación a nivel de Municipios ",Adaptación y Resiliencia,"Producción de conocimiento y fortalecimiento de capacidades, Capacitación técnica, Implementación técnica en el terreno",Sí,Sí,Multisectorial,Multisectorial,Red Argentina de Municipios frente al Cambio Climático” (RAMCC),Territorio,Directo,"Fortalecimiento de capacidades, Fortalecimiento de la capacidad de adaptación, Difusión de conocimiento, Elaboración de planes de acción",
11,Change The System,Promover el desarrollo sostenible y la acción climática desde un enfoque de cambio sistémico.,3,www.changesystem.org,Bolivia,Bolivia,21 a 50,1 a 50,25,"Energía, Agua, Residuos, Industria, Ciudades, Bosques, Resiliencia, Financiamiento",Adaptación y Resiliencia,"Producción de conocimiento y fortalecimiento de capacidades, Campañas de difusión, Gestión participativa, Actividades de lobby",No,Sin Datos,Individuos,Individuos,"Red CIVICUS, Plataforma Boliviana de Cambio Climático",Promoción de acciones específicas,Directo,"Fortalecimiento de capacidades, Fortalecimiento de la capacidad de adaptación, Difusión de conocimiento, Elaboración de planes de acción",
12,Consorcio de Gobiernos Provinciales del Ecuador,Implementar acciones climáticas locales a fin de mitigar los efectos del cambio climático y reducir las emisiones de GEI desde los territorios.,48,www.congope.gob.ec,Ecuador,Ecuador,21 a 50,1 a 50,25,"Agricultura y Ganadería, Agua, Asentamientos, Bosques, Resiliencia, Financiamiento",Ambos,"Producción de conocimiento y fortalecimiento de capacidades, Capacitación técnica, Gestión participativa, Actividades de lobby, Financiamiento, Implementación técnica en el terreno, Planificación de políticas, Fortalecimiento institucional",Sí,Sí,Gobiernos Subnacionales,Gobiernos Subnacionales,"LEDS LAC -  Global Par, LEDS Global Partnership, nrg4SD",Territorio,Directo,"Fortalecimiento de capacidades, Financiación de acciones, Reducción del riesgo, Fortalecimiento de la capacidad de adaptación, Difusión de conocimiento, Elaboración de planes de acción, Mejora de la gobernanza",
13,Ambiente Radio,Radio FM y Online con Programas sobre Ambiente y Cambio Climático,1.8,www.ambienteradio.info,Argentina,Argentina,1 a 20,1 a 50,25,"Energía, Transporte, Agricultura y Ganadería, Agua, Residuos, Asentamientos, Construcción sustentable, Ciudades, Bosques, Océanos, Resiliencia, Innovación",Ambos,"Producción de conocimiento y fortalecimiento de capacidades, Campañas de difusión, Gestión participativa, Actividades de lobby, Fortalecimiento institucional",No,Sin Datos,"Empresas, Academia, Organizaciones No Gubernamentales, Individuos, Multisectorial, Periodistas y Comunicadores",Multisectorial,Periodistas y Comunicadores de todo el mundo,Promoción de acciones específicas,Directo,"Fortalecimiento de la capacidad de adaptación, Difusión de conocimiento, Elaboración de planes de acción",
14,Fundacion Ecomujeres,Educacion e Informacion Sustentable basado en cambio climático y huella de carbono individual y colectiva liderado por las mujeres,10,www.ecomujeres.org.ar,Argentina,Argentina,Más de 300,Más de 300,400,"Construcción sustentable, Innovación, Consumo",Ambos,"Producción de conocimiento y fortalecimiento de capacidades, Campañas de difusión, Capacitación técnica, Implementación técnica en el terreno, Elaboración de normativa y legislación, Planificación de políticas",Sí,Sí,"Individuos, Emprendedores Sustentables",Individuos,"Universidad Católica Argentina, Red Sustenta, LEAP ",Promoción de acciones específicas,Directo,"Fortalecimiento de capacidades, Reducción de gases de efecto invernadero, Difusión de conocimiento, Elaboración de planes de acción",
15,Fundacion Desarrollo y Ciudadania,Promover el desarrollo humanos sostenible como mecanismo de adaptación al cambio climático y la construcción de entornos sustentables.,9,www.desarrolloyciudadania.org,Nicaragua,Nicaragua,21 a 50,1 a 50,25,"Energía, Agricultura y Ganadería, Agua, Residuos, Industria, Construcción sustentable, Ciudades, Bosques, Resiliencia, Innovación",Ambos,"Producción de conocimiento y fortalecimiento de capacidades, Campañas de difusión, Gestión participativa, Implementación técnica en el terreno, Elaboración de normativa y legislación, Planificación de políticas",Sí,No,"Academia, Organizaciones No Gubernamentales, Individuos",Multisectorial,"iniciativa regional del resiclaje. Red mas Vos, UICN",Sector,Directo,"Fortalecimiento de capacidades, Reducción del riesgo, Fortalecimiento de la capacidad de adaptación, Difusión de conocimiento, Elaboración de planes de acción",
16,Academia b,investigación y formación,2,www.academib.org,"Argentina, Brasil, Chile, Colombia, Costa Rica, Ecuador, Paraguay, Perú, Uruguay, Venezuela",Chile,Más de 300,Más de 300,400,"Resiliencia, Innovación, comunidad",Mitigación,"Elaboración de normativa y legislación, Planificación de políticas",Sí,No,"Academia, Organizaciones No Gubernamentales, Individuos",Multisectorial,"Empresas,emprendimientos, comunidades",Colaboración entre actores específicos,Directo,"Difusión de conocimiento, Mejora de la gobernanza",
17,Fundación Aprende,Fomentar el pensamiento crítico a través de la investigación y divulgación científica,1.5,http://www.a-prendechile.cl/,Chile,Chile,1 a 20,1 a 50,25,"Residuos, Construcción sustentable, Innovación",Ambos,"Producción de conocimiento y fortalecimiento de capacidades, Campañas de difusión, Gestión participativa",Sí,No,"Academia, Organizaciones No Gubernamentales, Individuos, Multisectorial",Multisectorial,"RedLama, Rebrota y RedLatam",Promoción de acciones específicas,Directo,"Fortalecimiento de capacidades, Fortalecimiento de la capacidad de adaptación, Difusión de conocimiento",
18,AFROAMERICA XXI,"Fortalecer el proceso organizativo de los afro descendientes en América, luchar por reivindicar sus derechos humanos, generar inclusión social, económica, política ",23,www.afroamericaxx.org,"Argentina, Belice, Bolivia, Brasil, Chile, Colombia, Costa Rica, Ecuador, Honduras, México, Nicaragua, Panamá, Paraguay, Perú, República Dominicana, Uruguay, Venezuela",Panamá,Más de 300,Más de 300,400,"Energía, Transporte, Agricultura y Ganadería, Agua, Residuos, Industria, Asentamientos, Construcción sustentable, Bosques, Océanos, Innovación, Financiamiento",Ambos,"Producción de conocimiento y fortalecimiento de capacidades, Campañas de difusión, Capacitación técnica, Gestión participativa, Actividades de lobby, Financiamiento, Implementación técnica en el terreno, Elaboración de normativa y legislación, Planificación de políticas, Fortalecimiento institucional",Sí,No,"Empresas, Academia, Organizaciones No Gubernamentales, Individuos",Multisectorial,"OEA, BID, FUNDACION KELLOG, FUNDACION INTERAMERICANA",Promoción de acciones específicas,Directo,"Fortalecimiento de capacidades, Reducción de gases de efecto invernadero, Reducción del riesgo, Fortalecimiento de la capacidad de adaptación, Difusión de conocimiento, Elaboración de planes de acción",
19,Territorio Sostenible Adaptado al Clima TeSAC Cauca,"Empoderamiento comunitario rural, con enfasis en mujeres y jóvenes, para la adaptación a variabilidad climática mediante planes prediales participativos de adaptación y servicios agroclimaticos participativos",3.5,https://ccafs.cgiar.org/es/tesac-cauca-colombia#.W0UNbsq200M; www.fundacionecohabitats.org,Colombia,Colombia,151 a 300,151 a 300,225,"Agricultura y Ganadería, Agua, Resiliencia, Innovación, Mitigación de gei, seguridad alimentaria, empoderamiento comunitario para la adaptacion",Ambos,"Producción de conocimiento y fortalecimiento de capacidades, Campañas de difusión, Capacitación técnica, Gestión participativa, Actividades de lobby, Implementación técnica en el terreno, Planificación de políticas",Sí,Sí,"Empresas, Academia, Organizaciones No Gubernamentales, Gobiernos Subnacionales, Gobiernos Municipales/Ciudades, Individuos",Multisectorial,"Estamos vinculados al programa global de Cambio Climático Agricultura y Seguridad Alimentaria el cuello impulsa otros TeSAC en centroamérica, Asia, africa",Colaboración entre actores específicos,Directo,"Fortalecimiento de capacidades, Financiación de acciones, Reducción de gases de efecto invernadero, Reducción del riesgo, Fortalecimiento de la capacidad de adaptación, Difusión de conocimiento, Elaboración de planes de acción, Mejora de la gobernanza",
20,KLIMAFORUM LATINOAMERICA NETWORK,"Cambio climático, sostenibilidad empresarial, energías renovables",10,www.laredkln.org www.klnred.ning.com ,"Argentina, Colombia",Colombia,21 a 50,1 a 50,25,"Energía, Industria, Construcción sustentable, Ciudades, Resiliencia",Ambos,"Producción de conocimiento y fortalecimiento de capacidades, Campañas de difusión, Capacitación técnica, Gestión participativa, Actividades de lobby, Fortalecimiento institucional",Sí,Sí,"Empresas, Academia, Organizaciones No Gubernamentales, Individuos",Multisectorial,Climate Action Network Latinoamerica,Colaboración entre actores específicos,Directo,"Fortalecimiento de capacidades, Reducción de gases de efecto invernadero, Reducción del riesgo, Fortalecimiento de la capacidad de adaptación, Difusión de conocimiento, Elaboración de planes de acción, Mejora de la gobernanza",
21,Kyklos,Dar herramientas ambientales a todos los establecimientos del país (Chile por el momento) y formar/guiar a agentes de cambio para la sociedad,6,www.kyklos.cl,Chile,Chile,101 a 150,51 a 150,100,"Energía, Transporte, Agricultura y Ganadería, Agua, Residuos, Bosques, Océanos, Resiliencia, Innovación",Ambos,"Producción de conocimiento y fortalecimiento de capacidades, Campañas de difusión, Capacitación técnica, Gestión participativa, Actividades de lobby, Implementación técnica en el terreno, Elaboración de normativa y legislación, Planificación de políticas, Fortalecimiento institucional",Sí,Sí,"Empresas, Organizaciones No Gubernamentales, Gobiernos Nacionales, Gobiernos Subnacionales, Gobiernos Municipales/Ciudades, Individuos, Multisectorial, Colegios y Jardines",Multisectorial,YLAI (Young Leaders of the Americas Iniciative),Colaboración entre actores específicos,Directo,"Fortalecimiento de capacidades, Financiación de acciones, Fortalecimiento de la capacidad de adaptación, Difusión de conocimiento, Elaboración de planes de acción",
22,Red Global de Hospitales Verdes y Saludables,"La Red Global de Hospitales Verdes y Saludables es una comunidad mundial de hospitales, sistemas de salud y organizaciones profesionales y académicas que buscan reducir su huella ecológica y promover la salud ambiental pública.
Nuestros miembros están usando la innovación para reducir su huella de carbono, proteger a la salud pública frente al cambio climático y promover un futuro saludable para las personas y el planeta. ",6,https://www.hospitalesporlasaludambiental.net,"Argentina, Brasil, Chile, Colombia, Costa Rica, Dominica, Ecuador, Guatemala, México, Puerto Rico, Otros",Otros,Más de 300,Más de 300,400,"Energía, Transporte, Agua, Residuos, Construcción sustentable, Resiliencia, Innovación, Adaptación, compras sostenibles, sustancias químicas, salud ambiental",Ambos,"Producción de conocimiento y fortalecimiento de capacidades, Capacitación técnica, Implementación técnica en el terreno",Sí,Sí,"Hospitales, centros de salud, sistemas de salud y organizaciones profesionales y académicas vinculadas con el sector salud",Multisectorial,"Organizaciones ambientalistas y de salud, organismos internacionales, gobiernos","El compromiso de nuestros miembros de poner en práctica acciones concretas para reducir la huella ambiental y enfrentar el cambio climático, además de promover la salud ambiental.",Directo,"Fortalecimiento de capacidades, Reducción de gases de efecto invernadero, Fortalecimiento de la capacidad de adaptación",
23,Verdes acciones concretas,Reforestación,0.5,Facebook verdes acciones concretas,Argentina,Argentina,1 a 20,1 a 50,25,"Forestación urbana, reforestación en sierras",Ambos,Gestión participativa,Sí,No,Individuos,Individuos,"ONG, centro vecinal, universidad",Promoción de acciones específicas,Directo,"Reducción de gases de efecto invernadero, Fortalecimiento de la capacidad de adaptación",
24,Foro para el Estudio del Cambio Climático ULA,Promover la investigación y acción climática frente al calentamiento global,5,,Venezuela,Venezuela,1 a 20,1 a 50,25,"Energía, Transporte, Residuos, Industria, Ciudades, Resiliencia, Educación",Mitigación,"Producción de conocimiento y fortalecimiento de capacidades, Campañas de difusión, Capacitación técnica, Fortalecimiento institucional",No,Sin Datos,"Academia, Individuos",2 tipos de miembros,"ONGs, comunidades, grupos de investigación",Promoción de acciones específicas,Directo,"Fortalecimiento de capacidades, Reducción de gases de efecto invernadero, Difusión de conocimiento",
25,Colectivo de Montañismo y Ecología Tatuy,"Protección del medio ambiente, ecosistemas de media y alta montaña, montañismo de bajo impacto ecológico y educación ambiental ",25,www.tatuy.net,Venezuela,Venezuela,1 a 20,1 a 50,25,"Energía, Agua, Residuos, Bosques, Humedales altos andinos y comunidades circundantes",Mitigación,"Producción de conocimiento y fortalecimiento de capacidades, Campañas de difusión, Capacitación técnica, Gestión participativa, Fortalecimiento institucional",No,Sin Datos,Organizaciones No Gubernamentales,Organizaciones No Gubernamentales,"Red Andina de Humedales, Foro para el Estudio del Cambio Climático, ONGs",Promoción de acciones específicas,Directo,"Fortalecimiento de capacidades, Reducción de gases de efecto invernadero, Difusión de conocimiento, Elaboración de planes de acción",
26,Mancomunidad Sureña MASUR ,Implementar programas y proyectos de desarrollo y conservación ambiental en los Municipios mancomunados.,13,www.masurguatemala.org,Guatemala,Guatemala,1 a 20,1 a 50,25,"Energía, Agricultura y Ganadería, Residuos, Bosques",Ambos,"Producción de conocimiento y fortalecimiento de capacidades, Capacitación técnica, Implementación técnica en el terreno, Elaboración de normativa y legislación, Planificación de políticas, Fortalecimiento institucional",Sí,Sí,Gobiernos Municipales/Ciudades,Gobiernos Municipales/Ciudades,"RAMCC, ACTIONLAC , AVINA.",Territorio,Directo,"Fortalecimiento de capacidades, Reducción de gases de efecto invernadero, Elaboración de planes de acción",
27,Red Migración Ambiental,Visibilizar la migración y desplazamiento en contexto de cambio climático y desastres naturales,3,,"Bolivia, Brasil, Colombia, Ecuador, Paraguay, Perú",Ecuador,1 a 20,1 a 50,25,"Ciudades, Resiliencia, Migración ambiental",Adaptación y Resiliencia,"Producción de conocimiento y fortalecimiento de capacidades, Financiamiento, Elaboración de normativa y legislación, Planificación de políticas, Fortalecimiento institucional",No,Sin Datos,"Academia, Organizaciones No Gubernamentales, Gobiernos Nacionales, Gobiernos Subnacionales, Gobiernos Municipales/Ciudades, Cooperación Internacional",Multisectorial,"RESAMA, Brasil",Investigación empirica y desarrollo de politicas locales,Indirecto,"Reducción del riesgo, Fortalecimiento de la capacidad de adaptación, Mejora de la gobernanza",
28,Consejo Colombiano de Construcción Sostenible (CCCS),"Buenas prácticas en la construcción, orientadas a la sostenibilidad integral.",10,www.cccs.org.co,Colombia,Colombia,151 a 300,151 a 300,225,"Energía, Agua, Residuos, Industria, Construcción sustentable, Ciudades, Resiliencia, Innovación",Ambos,"Producción de conocimiento y fortalecimiento de capacidades, Campañas de difusión, Capacitación técnica, Gestión participativa, Actividades de lobby, Implementación técnica en el terreno, Elaboración de normativa y legislación, Planificación de políticas, Fortalecimiento institucional",Sí,Sí,"Empresas, Academia, Organizaciones No Gubernamentales, Gobiernos Nacionales, Individuos, Multisectorial",Multisectorial,"GBCI, USGBC y WORLDGBC",Sector,Directo,"Reducción del riesgo, Difusión de conocimiento, Elaboración de planes de acción",
29,Rede Latinoamericana de Ministério Público Ambiental ,Congregar os membros de Ministério Público da América Latina para defesa do meio ambiente utilizando sua atuação com a legislação ambiental ,10,www.mpambiental.org,"Argentina, Bolivia, Brasil, Chile, Colombia, Costa Rica, Ecuador, El Salvador, Guatemala, Guayana Francesa, Honduras, México, Nicaragua, Panamá, Paraguay, Perú, República Dominicana, Uruguay, Venezuela",Brasil,101 a 150,51 a 150,100,"Implementação da lei ambiental e com isto atuar na mudança climática (combate ao desmatamento, poluição, e outros)",Ambos,"Producción de conocimiento y fortalecimiento de capacidades, Capacitación técnica, Elaboración de normativa y legislación, Planificación de políticas, Fortalecimiento institucional",Sí,Sí,"Gobiernos Nacionales, Gobiernos Subnacionales, Gobiernos Municipales/Ciudades, Individuos, há os membros de Ministério Público e também apoiadores jurídicos (advogados) e técnicos ambientais",Multisectorial,Abrampa ,Colaboración entre actores específicos,Indirecto,"Reducción de gases de efecto invernadero, Reducción del riesgo, Mejora de la gobernanza",
30,humedal salitre,conservacion y restauracion de los Humedales,0.5,www.fundacioncrow.com,Colombia,Colombia,21 a 50,1 a 50,25,"Energía, Residuos, Bosques",Ambos,Campañas de difusión,Sí,Sí,"Gobiernos Municipales/Ciudades, Individuos, colegios",Multisectorial,jardin botanico,Promoción de acciones específicas,Directo,Difusión de conocimiento,
31,ABRAMPA - Associação Brasileira de Membros de Ministério Público Ambiental ,Capacitar os membros de Ministério Público Brasileiro que atuam na área ambiental ,18,www.abrampa.org.br,Brasil,Brasil,Más de 300,Más de 300,400,Articulação e capacitação dos membros do Ministério Público para implementar a lei ambiental e assim contribuir com a redução dos gases de mudanças climáticas,Ambos,"Producción de conocimiento y fortalecimiento de capacidades, Elaboración de normativa y legislación, Planificación de políticas, Fortalecimiento institucional",Sí,Sí,"Gobiernos Nacionales, Gobiernos Subnacionales",2 tipos de miembros,Rede Latinoamericana de Ministério Público Ambiental,Colaboración entre actores específicos,Indirecto,"Fortalecimiento de capacidades, Reducción de gases de efecto invernadero, Reducción del riesgo, Mejora de la gobernanza",
32,Festiverd,"Concienciar acciones positivas al ambiente, formar a comunidades y escuelas en cultura cinematográfica vinculada al ambiente (cine verde), apoyar la producción cinematográfica iberoamericana",5,https://festiverdvenezuela.wordpress.com/,"Argentina, Brasil, México, Perú, Venezuela, Otros",Venezuela,1 a 20,1 a 50,25,"Transporte, Agua, Residuos",Ambos,"Producción de conocimiento y fortalecimiento de capacidades, Campañas de difusión, Capacitación técnica",Sí,Sí,Individuos,Individuos,"Medios de comunicación, Red de Festivales de Cine verde latinoamericanos, Académicos ",Colaboración entre actores específicos,Directo,"Fortalecimiento de capacidades, Difusión de conocimiento",
33,Comunidad Ciclo Siete ,"Somos una Comunidad apasionada por el Desarrollo Sostenible conformada por distintas organizaciones, instituciones y voluntarios al rededor de Iberoamérica con un mismo propósito: crear conciencia, dar ejemplo y hacer un fuerte llamado a la acción en 7 temas que conforman la sostenibilidad: Biodiversidad, Movilidad Sostenible, Educación, Diseño Sostenible, Estilos de Vida Saludable, Organizaciones sostenibles y Cultura. ",5,www.ciclosiete.com,"Argentina, Bolivia, Brasil, Chile, Colombia, Costa Rica, Cuba, Ecuador, Guatemala, Haití, Honduras, México, Panamá, Perú, Puerto Rico, Venezuela",Colombia,Más de 300,Más de 300,400,"Transporte, Residuos, Industria, Construcción sustentable, Ciudades, Bosques, Océanos, Innovación, Biodiversidad, cultura, estilos de vida saludable, educación.",Ambos,"Campañas de difusión, Gestión participativa, Fortalecimiento institucional",Sí,Sí,"Empresas, Academia, Organizaciones No Gubernamentales, Gobiernos Municipales/Ciudades, Individuos, Multisectorial",Multisectorial,"Autoridades Ambientales, comunidades",Promoción de acciones específicas,Indirecto,"Fortalecimiento de capacidades, Reducción de gases de efecto invernadero, Fortalecimiento de la capacidad de adaptación, Difusión de conocimiento, Mejora de la gobernanza",
34,Consejo Colombiano de Construcción Sostenible (CCCS),"El Consejo Colombiano de Construcción Sostenible (CCCS) es una organización privada sin ánimo de lucro fundada en 2008 cuyo propósito es asegurar, con mejores prácticas de urbanismo y construcción sostenible, entornos prósperos, ambientalmente responsables, inclusivos y saludables para todos.",10,www.cccs.org.co,Colombia,Colombia,151 a 300,151 a 300,225,"Energía, Agua, Construcción sustentable",Ambos,"Producción de conocimiento y fortalecimiento de capacidades, Capacitación técnica, Elaboración de normativa y legislación",Sí,Sí,"Empresas, Academia, Organizaciones No Gubernamentales, Gobiernos Nacionales, Gobiernos Municipales/Ciudades, Individuos, Multisectorial",Multisectorial,"WORLDGBC, USGBC, GBCI",Sector,Directo,"Reducción de gases de efecto invernadero, Reducción del riesgo, Mejora de la gobernanza",
35,Sepame,"Mejorar la gestión integral de loa residuos urbanos de concepcion del uruguay. A fin de generar beneficios de triple impacto (económico, social, ambiental)",1,Www.facebook.com/sepame,Argentina,Argentina,1 a 20,1 a 50,25,Residuos,Ambos,"Producción de conocimiento y fortalecimiento de capacidades, Campañas de difusión, Capacitación técnica, Gestión participativa, Implementación técnica en el terreno",Sí,No,"Empresas, Academia, Individuos, Escuelas",Multisectorial,Facultad de ciencias de la salud UNER,Colaboración entre actores específicos,Indirecto,"Reducción de gases de efecto invernadero, Reducción del riesgo, Difusión de conocimiento, Mejora de la gobernanza",
36,Proyecto MAPA,"Capacitación, implementación, difusión de modelos de adaptación agroclimática. Integración de amigos agroclimáticos, compartir conocimientos sobre el tema.Informar y estar al día en asuntos del clima y sus efectos en el agro.",4,www.corpoica.gov.co (buscar proyecto MAPA),Colombia,Colombia,51 a 100,51 a 150,100,"Agua, Bosques, Océanos, Resiliencia, adaptación agro climática",Ambos,"Producción de conocimiento y fortalecimiento de capacidades, Campañas de difusión, Gestión participativa",Sí,Sí,"Academia, Gobiernos Nacionales, Individuos, profesionales del agro. ",Multisectorial,"Centros de investigación (agrosavia), IDEAM, ICA",Territorio,Directo,"Fortalecimiento de capacidades, Fortalecimiento de la capacidad de adaptación, Difusión de conocimiento",
37,Fundación hábitat verde,Red de jóvenes en respuesta al cambio climático,4,http://fundacinhbitatverde.blogspot.com/,Bolivia,Bolivia,1 a 20,1 a 50,25,"Energía, Agua, Residuos, Ciudades",Ambos,"Gestión participativa, Actividades de lobby, Fortalecimiento institucional",Sí,Sí,Individuos,Individuos,Universidad autónoma Gabriel René Moreno,Promoción de acciones específicas,Directo,"Difusión de conocimiento, Mejora de la gobernanza",
38,Red de Jóvenes contra el Cambio Climático en Panamá,"Crear conciencia ,a través de la Educación Ambiental, sobre el problema climático y ayudar a crear estrategias de mitigación y adaptación en los diferentes sectores de nuestro pais.",0.3,rjccp_18,Panamá,Panamá,1 a 20,1 a 50,25,"Energía, Agricultura y Ganadería, Agua, Residuos, Construcción sustentable, Bosques, Océanos, Innovación",Ambos,"Producción de conocimiento y fortalecimiento de capacidades, Campañas de difusión, Capacitación técnica",Sí,Sí,Individuos,Individuos,"Mar Viva, Ministerio de Ambiente, Fundación Konrad Adenauer, Banistmo.",Promoción de acciones específicas,Directo,"Fortalecimiento de capacidades, Reducción de gases de efecto invernadero, Difusión de conocimiento",
39,Red de Ganadería Regenerativa de los Tuxtlas,"Implementar a escala territorial, soluciones agroecológicas que permitan la restauración de los servicios ecosistémicos de la región, mitigando y adaptando a los agroecosistemas, quienes en ellos habitan, al cambio climático. ",1,www.estampaverde.org,México,México,1 a 20,1 a 50,25,"Agricultura y Ganadería, Agua, Industria, Bosques, Océanos, Resiliencia, Innovación, Financiamiento",Ambos,"Producción de conocimiento y fortalecimiento de capacidades, Capacitación técnica, Implementación técnica en el terreno",Sí,Sí,"Empresas, Academia, Organizaciones No Gubernamentales, Gobiernos Municipales/Ciudades, Individuos",Multisectorial,"Global Consortium for Sustainable Outcomes, Programa de las Naciones Unidas para el Desarrollo, Instituto Nacional de Acceso a la Información ",Colaboración entre actores específicos,Directo,"Fortalecimiento de capacidades, Difusión de conocimiento, Elaboración de planes de acción",
40,NODO REGIONAL DE CAMBIO CLIMATICO EJE CAFETERO,"COORDINACION INTERINSTITUCIONAL Y LA PROMOCION DE LA IMPLEMENTACIÓN DE LAS POLITICAS, ESTRATEGIAS Y ACCIONES EN MATERIA DE ADAPTACION Y MITIGACION FRENTE AL CAMBIO CLIMÁTICO EN LA ECORREGION EJE CAFETERO.",10,http://www.carder.gov.co/index.php/web/es/nodo-regional-de-cambio-clim-tico-de-la-ecorregi-n-eje-cafetero#nodo_regional,"Antigua y Barbuda, Colombia",Colombia,21 a 50,1 a 50,25,"Agua, Asentamientos, Ciudades, Bosques, Resiliencia, Financiamiento, Instrumentos de planificación ",Ambos,"Producción de conocimiento y fortalecimiento de capacidades, Campañas de difusión, Capacitación técnica, Gestión participativa, Actividades de lobby, Planificación de políticas, Fortalecimiento institucional",Sí,Sí,"Academia, Organizaciones No Gubernamentales, Gobiernos Subnacionales, Gobiernos Municipales/Ciudades",Multisectorial,"ONG, PNN, MADS, DNP",Territorio,Indirecto,"Fortalecimiento de capacidades, Fortalecimiento de la capacidad de adaptación, Mejora de la gobernanza",
41,LatinClima,Mejorar e incrementar la difusión de temas de cambio climático en América Latina y el Caribe y acercar a organizaciones y expertos en la materia con periodistas y comunicadores,4,www.latinclima.org,"Argentina, Bolivia, Brasil, Chile, Colombia, Costa Rica, Cuba, Ecuador, El Salvador, Guatemala, Honduras, México, Nicaragua, Panamá, Paraguay, Perú, República Dominicana, Uruguay, Venezuela, Otros",Costa Rica,Más de 300,Más de 300,400,Comunicaciones vinculadas con todo lo anterior,Ambos,"Producción de conocimiento y fortalecimiento de capacidades, Campañas de difusión, Capacitación técnica, Gestión participativa",Sí,No,"Academia, Organizaciones No Gubernamentales, Individuos, periodistas y comunicadores",Multisectorial,Con todas aquella potenciales fuentes de información sobre cambio climático para periodistas y comunicadores,"capacitaciones, recursos y coberturas informativas",Directo,"Fortalecimiento de capacidades, Difusión de conocimiento",
42,Enûma Consulting Group,Educar e implementar sostenibilidad ,1,www.enumacr.com,Costa Rica,Costa Rica,1 a 20,1 a 50,25,"Energía, Transporte, Agua, Residuos, Industria, Construcción sustentable, Ciudades, Resiliencia, Innovación",Ambos,"Producción de conocimiento y fortalecimiento de capacidades, Campañas de difusión, Capacitación técnica, Implementación técnica en el terreno, Fortalecimiento institucional",Sí,No,"Empresas, Individuos, Multisectorial",Multisectorial,Yakukua,Colaboración entre actores específicos,Directo,"Fortalecimiento de capacidades, Reducción de gases de efecto invernadero, Reducción del riesgo, Fortalecimiento de la capacidad de adaptación, Difusión de conocimiento, Elaboración de planes de acción, Mejora de la gobernanza",
43,Jovenes por el Clima,"El objetivo principal es movilizar jóvenes en Colombia y en la región latinoamericana para que materialicen los principios de la equidad intergeneracional en la acción climática y desarrollemos proyectos, campañas de apoyo a las NDCs de los paises y a incluir las voces de los excluidos en los procesos de tomas de decisiones. Como población joven nuestros miembros son jovenes que YA TOMAN acción en los distintos territorios donde viven y se desempeñan como organizadores, activistas, comunicadores, politicos, movilizadores y demás. ",0.2,www.narino.gov.co,"Colombia, Ecuador",Colombia,51 a 100,51 a 150,100,"Energía, Agua, Bosques",Ambos,"Campañas de difusión, Gestión participativa, Planificación de políticas",Sí,Sí,"Academia, Organizaciones No Gubernamentales, Gobiernos Subnacionales, Individuos",Multisectorial,"Nuestra red cuenta con Plant for the Planet, 350.org, CATIE.",Promoción de acciones específicas,Directo,"Fortalecimiento de capacidades, Fortalecimiento de la capacidad de adaptación, Elaboración de planes de acción, Mejora de la gobernanza",
44,RED de Desastres Asociados a Fenómenos Hidrometeorológicos y Climáticos (REDESClim),Entender las causas físicas y sociales de los desastres asociadas a fenómenos hidrometeorológicos y climáticos para prevenir y reducir riesgo y la vulnerabilidad de la sociedad y ecosistemas en México.,5,http://www.redesclim.org.mx/,"Argentina, Belice, Costa Rica, Guatemala, México, Perú",México,51 a 100,51 a 150,100,"Agua, Asentamientos, Ciudades, Resiliencia, Innovación, Financiamiento",Ambos,"Producción de conocimiento y fortalecimiento de capacidades, Implementación técnica en el terreno, Fortalecimiento institucional",Sí,Sí,"Academia, Organizaciones No Gubernamentales, Gobiernos Nacionales, Gobiernos Subnacionales, Multisectorial, estudiantes",Multisectorial,"Ministerios federeles, red de ciudades sustentables, asociación méxicana de estudios de karst, ",Colaboración entre actores específicos,Directo,"Fortalecimiento de capacidades, Reducción del riesgo, Elaboración de planes de acción",
45,Futuro Verde,"Educar al mundo hispanohablante sobre los riesgos del impacto del cambio climático y la contaminación, para que tomen acción. ",1.3,futuroverde.org ,"Argentina, Bolivia, Chile, Colombia, Costa Rica, Ecuador, El Salvador, Guatemala, Honduras, México, Nicaragua, Panamá, Paraguay, Perú, Puerto Rico, República Dominicana, Uruguay, Venezuela, Otros",Guatemala,1 a 20,1 a 50,25,"Resiliencia, Innovación, Impacto de la contaminación y cambio climático",Ambos,"Producción de conocimiento y fortalecimiento de capacidades, Campañas de difusión, Gestión participativa",Sí,No,Individuos,Individuos,"IMAX (empresa), Climate Reality Project (non-profit),  Newsdeeply (media)",Territorio,Directo,"Reducción de gases de efecto invernadero, Fortalecimiento de la capacidad de adaptación, Difusión de conocimiento",
46,Asociación Panameña ProCarbono,Reducción de emisiones de GEI en los bosques maduros de Panamá,3,https://apronadpanama.wordpress.com/,Panamá,Panamá,101 a 150,51 a 150,100,Bosques,Ambos,"Gestión participativa, Financiamiento, Implementación técnica en el terreno",Sí,Sí,"Organizaciones No Gubernamentales, Individuos",2 tipos de miembros,AENOR,Promoción de acciones específicas,Directo,"Financiación de acciones, Reducción de gases de efecto invernadero, Elaboración de planes de acción, Mejora de la gobernanza",
47,Red de Jóvenes por el Agua Centroamerica,Lograr la incidencia de los jóvenes de la región centroamericana en gestión integrada del recurso hídrico y la protección del ambiente. ,3,http://www.rjxaca.org/,"Belice, Costa Rica, El Salvador, Guatemala, Honduras, Nicaragua, Panamá",Nicaragua,151 a 300,151 a 300,225,"Agua, Residuos, Bosques",Ambos,"Producción de conocimiento y fortalecimiento de capacidades, Campañas de difusión, Actividades de lobby",Sí,Sí,"Organizaciones No Gubernamentales, Individuos",2 tipos de miembros,"GWP Centroamerica, Gobiernos Nacionales, Redes de Jovenes",Territorio,Indirecto,"Fortalecimiento de capacidades, Difusión de conocimiento, Mejora de la gobernanza",
48,Latin America Greenhouse Gas Mitigation Network (LAMNET),Mejorar la capacidad regional para llevar a cabo investigaciones de mitigación.,4,https://ccafs.cgiar.org/lamnet#.W04-cE0Y7IU,"Argentina, Brasil, Chile, Colombia, Costa Rica, Nicaragua, Perú, Trinidad y Tobago",Colombia,21 a 50,1 a 50,25,"Agricultura y Ganadería, Agua, Innovación",Ambos,"Producción de conocimiento y fortalecimiento de capacidades, Gestión participativa, Fortalecimiento institucional",No,Sin Datos,"Academia, Organizaciones No Gubernamentales, Gremios (Arrocero, Ganadero, Cañicultor) ",Multisectorial,"CCAFS, CATIE, FLAR. ",Colaboración entre actores específicos,Directo,"Fortalecimiento de capacidades, Reducción de gases de efecto invernadero, Difusión de conocimiento",
49,Red de Embajadores/as Plant for the Planet por la Justicia Climática,"Identificar, capacitar y empoderar a talentos jóvenes en todo el mundo, futuros líderes climáticos de nuestro planeta.",10,www.plant-for-the-planet.org,"Argentina, Brasil, Chile, Colombia, Ecuador, México, Paraguay, Uruguay",Otros,Más de 300,Más de 300,400,"Energía, Transporte, Agua, Residuos, Ciudades, Bosques, Resiliencia",Ambos,"Producción de conocimiento y fortalecimiento de capacidades, Campañas de difusión, Gestión participativa, Actividades de lobby, Fortalecimiento institucional",Sí,No,"Empresas, Organizaciones No Gubernamentales, Individuos",Multisectorial,Fundaciones privadas y empresariales,Promoción de acciones específicas,Directo,"Fortalecimiento de capacidades, Reducción de gases de efecto invernadero, Fortalecimiento de la capacidad de adaptación, Difusión de conocimiento",
50,Red Latinoamericana de Inventarios Nacionales de Gases de Efecto Invernadero,Facilitar el desarrollo sostenible de capacidades técnicas e institucionales en materia de inventarios nacionales de gases de efecto invernadero por medio del intercambio de experiencias y la adopción de las mejores prácticas entre los países miembros.,2,http://www.un-gsp.org/,"Argentina, Chile, Colombia, Costa Rica, Ecuador, El Salvador, Honduras, México, Panamá, Paraguay, Perú, Uruguay",Chile,21 a 50,1 a 50,25,"Energía, Transporte, Agricultura y Ganadería, Residuos, Industria, Bosques, Contabilidad de GEI mediante los Inventarios Nacionales de GEI",Mitigación,"Producción de conocimiento y fortalecimiento de capacidades, Capacitación técnica, Fortalecimiento institucional",Sí,Sí,Gobiernos Nacionales,Gobiernos Nacionales,"GSP, IPCC, UNFCCC",Promoción de acciones específicas,Directo,"Fortalecimiento de capacidades, Difusión de conocimiento, Mejora de la gobernanza",
51,ENVICCOL S.A.S.,Alianzas empresariales ,1,www.enviccol.co ,Colombia,Colombia,1 a 20,1 a 50,25,"Energía, Agua, Residuos, Industria, Bosques, Financiamiento",Ambos,"Capacitación técnica, Implementación técnica en el terreno, Fortalecimiento institucional",Sí,No,Empresas,Empresas,Personas naturales ,Colaboración entre actores específicos,Directo,"Fortalecimiento de capacidades, Reducción del riesgo, Elaboración de planes de acción",
52,Articulação Semiárido Brasileiro (ASA),"Fortalecer a sociedade civil na construção de processos participativos para o desenvolvimento sustentável e a convivência com o Semiárido, referenciados em valores culturais e de justiça social.",19,www.asabrasil.org.br,Brasil,Brasil,Más de 300,Más de 300,400,"Agua, Construcción sustentable, Resiliencia",Adaptación y Resiliencia,"Producción de conocimiento y fortalecimiento de capacidades, Gestión participativa, Fortalecimiento institucional",Sí,Sí,Organizaciones No Gubernamentales,Organizaciones No Gubernamentales,1) Rede Caritas; 2) Organização das Nações Unidas para Alimentação e Agricultura (FAO); 3) Plataforma Semiáridos/Rede Chaco.,Territorio,Directo,"Fortalecimiento de la capacidad de adaptación, Difusión de conocimiento, Mejora de la gobernanza",
53,Voluntariado Ambiental Por el Agua,"Incrementar el cuidado de los cuerpos de agua en la provincia de Leoncio Prado.,región Huanuco.",1,http://www.ana.gob.pe/noticia/voluntariado-ambiental-por-el-agua,Perú,Perú,1 a 20,1 a 50,25,"Agua, Residuos, Financiamiento",Ambos,"Producción de conocimiento y fortalecimiento de capacidades, Campañas de difusión, Capacitación técnica, Gestión participativa",Sí,Sí,Individuos,Individuos,"Autoridad Nacional del Agua,SENAJU e IMPACT",Cuidar el agua,Indirecto,"Fortalecimiento de capacidades, Difusión de conocimiento",
54,Juventud Mexicana Frente al Cambio Climático,"Fortalecer la red nacional juvenil de acciones y divulgación, comunicación y vinculación frente al cambio climático",9,http://juventudfrentecamb.wixsite.com/jmfcc-myacc,México,México,21 a 50,1 a 50,25,"Agua, Residuos, Ciudades, Bosques, Océanos, Resiliencia, Innovación",Ambos,"Producción de conocimiento y fortalecimiento de capacidades, Campañas de difusión, Capacitación técnica, Gestión participativa, Planificación de políticas, Fortalecimiento institucional",Sí,Sí,"Academia, Organizaciones No Gubernamentales, Individuos",Multisectorial,"Climate Reallity, Agenda 2030 y Liga por los ODS",Territorio,Directo,"Fortalecimiento de capacidades, Reducción del riesgo, Fortalecimiento de la capacidad de adaptación, Difusión de conocimiento, Elaboración de planes de acción, Mejora de la gobernanza",
55,REC CLIVIA,"Desarrollar metodologías, instrumentos y proyectos inter y transdisciplinarios  nacionales e internacionales, generando evidencia cientifica y de investigación- acción como base de planes y políticas de adaptacion y resiliencia al cambio climático ",3,http://clivianet.poliagile.com/,"Bolivia, Paraguay, Uruguay, Venezuela",Uruguay,21 a 50,1 a 50,25,"Agua, Construcción sustentable, Ciudades, Bosques, Océanos, Resiliencia, Salud y cambio climático",Ambos,"Producción de conocimiento y fortalecimiento de capacidades, Campañas de difusión, Capacitación técnica, Gestión participativa, Implementación técnica en el terreno",Sí,Sí,"Academia, Gobiernos Nacionales, Gobiernos Subnacionales, Gobiernos Municipales/Ciudades",Multisectorial,"Walter Leal-Filho Hamburg University, Roberto Bazanni del IDRC,Ana Rosa Moreno de la Red de Oficinas de Cambio Climático, Daniel Buss de la Organización Panamericana de Saludan de ",Promoción de acciones específicas,Directo,"Reducción del riesgo, Fortalecimiento de la capacidad de adaptación, Difusión de conocimiento",
56,Red  tejiendo páramos,"Articular acciones integrales , para la conservación y adaptacion de la vida, en los ecosistemas de alta montaña y zonas de páramo",5,https://tejiendoparamos.wordpress.com/,Colombia,Colombia,51 a 100,51 a 150,100,"Agricultura y Ganadería, Agua, Residuos, Industria, Asentamientos, Resiliencia, Innovación, Financiamiento",Ambos,"Producción de conocimiento y fortalecimiento de capacidades, Campañas de difusión, Capacitación técnica, Gestión participativa, Actividades de lobby, Financiamiento, Implementación técnica en el terreno, Elaboración de normativa y legislación, Planificación de políticas, Fortalecimiento institucional",Sí,Sí,"Empresas, Academia, Organizaciones No Gubernamentales, Gobiernos Subnacionales, Gobiernos Municipales/Ciudades, Individuos",Multisectorial,"cepal , raus, clacso , conservación internacional",Promoción de acciones específicas,Directo,"Fortalecimiento de capacidades, Reducción del riesgo, Fortalecimiento de la capacidad de adaptación, Difusión de conocimiento, Elaboración de planes de acción, Mejora de la gobernanza",
57,Agencia Joven Internacional de Noticias en Español,"Somos un espacio alternativo de comunicación liderado y administrado por jóvenes, que busca generar contenidos educativos y comunicativos que impacten colectividades para dar paso a procesos de diálogo y empoderamiento en temas sociales y ambientales, con una visión plural y participativa por medio de la integración de diferentes voces de diferentes partes del mundo.",2,http://www.agenciajovendenoticias.org/es/home,"Argentina, Colombia, México, Perú",Colombia,1 a 20,1 a 50,25,"Temas de Ambiente, Clima, Derechos Humano, Juventud. Género, Migración y Comunicación.",Ambos,"Producción de conocimiento y fortalecimiento de capacidades, Campañas de difusión, Gestión participativa",Sí,Sí,"Individuos, Jóvenes ",Individuos,"Con la Fundación Viração, Climlab, Tirra Vida y el Movimiento Latinoamericano y Caribeño contra el Cambio Climático (Clic) ",La comunicación para el empoderamiento juvenil en temas ambientale y sociales en la región y a nivel mundial. ,Directo,"Fortalecimiento de capacidades, Fortalecimiento de la capacidad de adaptación, Difusión de conocimiento, Elaboración de planes de acción, Mejora de la gobernanza",
58,Red Kolumbien,"Acompañar a jóvenes destacados para fortalecer sus capacidades de liderazgo en el corto y mediano plazo, especialmente dirigidas hacia el trabajo por el desarrollo sostenible, a acciones encaminadas a la consolidación de la paz y a la incidencia de la participación política y democrática del país. Dividida en tres nodos, el nodo ambiental tiene su énfasis en el ODS13 Acción por el clima",4,https://www.facebook.com/Red-Colombiana-de-L%C3%ADderes-Juveniles-Red-Kolumbien-528955714104219/,Colombia,Colombia,101 a 150,51 a 150,100,"Agua, Ciudades, Educación, liderazgo",Adaptación y Resiliencia,"Producción de conocimiento y fortalecimiento de capacidades, Campañas de difusión, Gestión participativa",Sí,No,"Organizaciones No Gubernamentales, Individuos",2 tipos de miembros,"Fundación Domopaz, Fundación Hanns Seidel, Red Global para la Reducción del Riesgo de Desastres (GNDR), Movimiento Climático de Jóvenes Colombianos (MCJC)",Promoción de acciones específicas,Directo,"Fortalecimiento de capacidades, Reducción del riesgo, Difusión de conocimiento",
59,Asociación de Consumidores y Usuarios de la Región de los Rios,Promover hábitos de consumo responsable.,10,,Chile,Chile,1 a 20,1 a 50,25,"Energía, Transporte, Agricultura y Ganadería, Agua, Construcción sustentable",Mitigación,"Campañas de difusión, Gestión participativa",Sí,Sí,Organizaciones No Gubernamentales,Organizaciones No Gubernamentales,"Oranizaciones de Consumidores a en todo Chile,  en la zona sur de Chile con otras organizaciones juntas de vecinos y sindicatos.",Colaboración entre actores específicos,Directo,Difusión de conocimiento,
60,Programa Educativo Integral en Eficiencia Energética,"Desarrollar capacidades en docentes, directivos y asistentes de la educación para incorporar la EE como un aprendizaje transversal en la educación formal de Chile.",4,www. educachee.cl,Chile,Chile,Más de 300,Más de 300,400,Energía,Mitigación,"Producción de conocimiento y fortalecimiento de capacidades, Campañas de difusión, Capacitación técnica",Sí,No,"establecimientos educacionales de educación parvularia, básica y secundaria",2 tipos de miembros,Unesco,Promoción de acciones específicas,Directo,"Fortalecimiento de capacidades, Reducción de gases de efecto invernadero, Difusión de conocimiento",
61,Colectivo Jóvenes Peruanos frente al Cambio Climático - JPCC,"Colectivo transdisciplinario conformado por jóvenes estudiantes y profesionales comprometidos con promover el desarrollo sostenible y que tiene por objetivo, fortalecer las capacidades de las juventudes y promover su participación en la elaboración de políticas públicas que les conciernan para hacer frente a los impactos producto del calentamiento global y el cambio climático ",2.5,https://es-la.facebook.com/jpccperu/,Perú,Perú,21 a 50,1 a 50,25,"Ciudades, Resiliencia, Educación Ambiental, políticas públicas, cambio climático, participación juvenil",Ambos,"Producción de conocimiento y fortalecimiento de capacidades, Campañas de difusión, Gestión participativa, Elaboración de normativa y legislación, Planificación de políticas, Fortalecimiento institucional",Sí,Sí,"Organizaciones No Gubernamentales, Individuos",2 tipos de miembros,"Red Universitaria Ambiental - RUA, YOUNGO, CliMates",Promoción de acciones específicas,Directo,"Fortalecimiento de capacidades, Difusión de conocimiento, Mejora de la gobernanza",
62,"Proyectos Especiales de la Universidad Católica Boliviana ""San Pablo""","Desarrollo de proyectos estratégicos en el marco de los ODS, enfoque NEXO y otros. Educación,Tecnología, Evaluación de Impacto y Gestión, Energías Renovables, SMART COMMUNITIES.",3,https://twitter.com/ProyectosEspUCB,Bolivia,Bolivia,Más de 300,Más de 300,400,"Energía, Agua, Residuos, Construcción sustentable, Ciudades, Resiliencia, Innovación",Ambos,"Producción de conocimiento y fortalecimiento de capacidades, Campañas de difusión, Capacitación técnica, Gestión participativa, Actividades de lobby, Implementación técnica en el terreno",Sí,Sí,"Academia, Corresponde a la Dirección Nacional de Proyectos Especiales de la Universidad, pese a ser académica, tiene interacción con otros niveles que van desde lo Estatal a lo Internacional",Multisectorial,"Universidades por convenio en España, Italia, Colombia, México, Argentina",Colaboración entre actores específicos,Directo,"Fortalecimiento de capacidades, Reducción del riesgo, Fortalecimiento de la capacidad de adaptación, Difusión de conocimiento, Mejora de la gobernanza",
63,Centro de Innovación tecnológica y sostenibilidad,"Somos una ONG pionera en brindar soluciones que utilizan tecnologías innovadoras para      mitigar y adaptar los efectos del cambio climático a nivel local y organizacional. A través de la formulación, gestión y promoción de estrategias sostenibles buscamos dar soporte y generar un impacto positivo en  la comunidad, organismos públicos y privados.",0.2,https://centrodeinnovacionclimatica.wordpress.com/,Perú,Perú,1 a 20,1 a 50,25,"Industria, Resiliencia, Innovación",Ambos,"Campañas de difusión, Capacitación técnica, Implementación técnica en el terreno, Planificación de políticas",Sí,Sí,Individuos,Individuos,"Jóvenes Peruanos por el Cambio Climático JPCC, Red de jóvenes por el agua, Climate Tracker Latinoamerica.",Promoción de acciones específicas,Directo,"Reducción de gases de efecto invernadero, Fortalecimiento de la capacidad de adaptación, Difusión de conocimiento",
64,Alianza para la Resilencia Climática Rural en América Latina ,"Impulsar transformaciones en políticas públicas e institucionalidad que potencien el desarrollo sostenible de las sociedades rurales más vulnerables al cambio climático, fortaleciendo sus capacidades de resiliencia y adaptación.",0.8,http://www.fao.org/americas/socios/resiliencia-climatica-rural/es/,"Argentina, Bolivia, Brasil, Chile, Colombia, Costa Rica, Ecuador, El Salvador, Guatemala, Guyana, Honduras, México, Nicaragua, Panamá, Paraguay, Perú, Venezuela, Otros",Ecuador,21 a 50,1 a 50,25,"Agricultura y Ganadería, Agua, Bosques, Resiliencia, Resiliencia Climática Rural ",Ambos,"Producción de conocimiento y fortalecimiento de capacidades, Actividades de lobby, Fortalecimiento institucional",Sí,Sí,Multisectorial,Multisectorial,Instituciones de los miembros ,Sociedades rurales y ecosistemas de América Latina adaptados y resilientes al Cambio Climático.,Indirecto,"Fortalecimiento de la capacidad de adaptación, Difusión de conocimiento, Mejora de la gobernanza",
65,AVINA em parceria com o SISTEMA INTEGRADO DE SANEAMTENTO RURAL DO PIAUÍ- SISAR/PI,GESTÃO DE SISTEMAS DE TRATAMENTO E DISTRIBUIÇÃO DE ÁGUA E ESGOTO,14,,Brasil,Brasil,1 a 20,1 a 50,25,"Energía, Agua, Residuos",Adaptación y Resiliencia,"Producción de conocimiento y fortalecimiento de capacidades, Campañas de difusión, Capacitación técnica, Gestión participativa, Fortalecimiento institucional",Sí,Sí,"Empresas, Organizaciones No Gubernamentales, Gobiernos Municipales/Ciudades, Individuos",Multisectorial,"PROJETO AMA,  FUNDACION AVINA, INSTITUTO COCA COLA",Promoción de acciones específicas,Indirecto,"Fortalecimiento de capacidades, Reducción del riesgo, Fortalecimiento de la capacidad de adaptación, Difusión de conocimiento, Elaboración de planes de acción, Mejora de la gobernanza",
66,Alianza Latinoamericana Frente al Fracking,Construir una America Latina libre de fracking y con alternativas energéticas,4,,"Argentina, Bolivia, Brasil, Chile, Colombia, México, Perú",Bolivia,21 a 50,1 a 50,25,"Energía, Agua, Residuos, Industria, Financiamiento",Ambos,"Producción de conocimiento y fortalecimiento de capacidades, Campañas de difusión, Capacitación técnica, Planificación de políticas",No,Sin Datos,"Organizaciones No Gubernamentales, Individuos",2 tipos de miembros,"ALianza Mexicana contra el fracking, Alianza Colombia libre de fracking, Observatorio Petrolero del Sur",Sector,Directo,"Reducción de gases de efecto invernadero, Difusión de conocimiento, Mejora de la gobernanza",
67,Res por la Justicia Ambiental en Colombia,"Plataforma de articulación entre organizaciones sociales, representantes de la academia y personas naturales y jurídicas, dedicada a la protección del ambiente y los derechos humanos, que busca abordar los conflictos ambientales en Colombia mediante el fortalecimiento de procesos en defensa del ambiente. ",8,https://justiciaambientalcolombia.org/,Colombia,Colombia,Más de 300,Más de 300,400,"Energía, Agua, Bosques, Océanos",Ambos,"Producción de conocimiento y fortalecimiento de capacidades, Campañas de difusión, Gestión participativa",Sí,No,"Academia, Organizaciones No Gubernamentales, Individuos",Multisectorial,"Alianza colombia libre de fracking, alianza latinoamericana frente al fracking, plataformas internacionales",Promoción de acciones específicas,Indirecto,"Fortalecimiento de capacidades, Difusión de conocimiento",
68,colombia sostenible,Desarrollo sostenible con perspectivas de cambio climatico,0.5,,Colombia,Colombia,1 a 20,1 a 50,25,"Agua, Ciudades, Bosques, Financiamiento",Ambos,"Producción de conocimiento y fortalecimiento de capacidades, Campañas de difusión, Elaboración de normativa y legislación, Planificación de políticas, Fortalecimiento institucional",Sí,Sí,"Academia, Organizaciones No Gubernamentales, Individuos",Multisectorial,"GFLAC, CAN-La, WWF",Promoción de acciones específicas,Directo,"Difusión de conocimiento, Mejora de la gobernanza",
69,Alianza Hondureña ante el Cambio Climático (AHCC),Articular esfuerzos de redes nacionales en materia de cambio climático y contribuir al combate de los impactos del cambio climático en la población más vulnerable desde un enfoque de justicia climática y derechos humanos.,6,www.alianzahondcc.org/,Honduras,Honduras,1 a 20,1 a 50,25,"Agricultura y Ganadería, Agua, Asentamientos, Bosques, Resiliencia, Financiamiento, Enfoque de derechos humanos",Adaptación y Resiliencia,"Producción de conocimiento y fortalecimiento de capacidades, Capacitación técnica, Gestión participativa, Actividades de lobby, Financiamiento, Elaboración de normativa y legislación, Planificación de políticas, Fortalecimiento institucional",Sí,Sí,Organizaciones No Gubernamentales,Organizaciones No Gubernamentales,"GFLAC, Campaña Mesoamericana de Justicia Climática",Incidencia polpitica y fortalecimiento de capacidades vinculadas al cambio climático y el enfoque territorial,Directo,"Fortalecimiento de capacidades, Fortalecimiento de la capacidad de adaptación, Difusión de conocimiento, Elaboración de planes de acción, Mejora de la gobernanza",
70,Alianza Nicaraguense ante el Cambio Climático,Incidir en el marco político e institucional nacional y local de Nicaragua con propuestas que contribuyan a mejorar la resiliencia de sectores mayormente vulnerables a los efectos del cambio climático en el País. ,9,http://www.anacc.org.ni/ ,Nicaragua,Nicaragua,51 a 100,51 a 150,100,"Energía, Agricultura y Ganadería, Agua, Resiliencia, Financiamiento, Gestión de Riesgo de Desastres",Adaptación y Resiliencia,"Producción de conocimiento y fortalecimiento de capacidades, Campañas de difusión, Capacitación técnica, Actividades de lobby, Elaboración de normativa y legislación",Sí,Sí,"Academia, Organizaciones No Gubernamentales, Individuos, Cooperativas y asociaciones de pequeños productores agropecuarios",Multisectorial,"Gobiernos municipales/ciudades, centros de investigación y extensión agraria, gobiernos sub nacionales.",Promoción de acciones específicas,Directo,"Fortalecimiento de capacidades, Reducción del riesgo, Fortalecimiento de la capacidad de adaptación, Difusión de conocimiento, Elaboración de planes de acción",
71,Red por la Justicia Ambiental en Colombia,"Proponer soluciones a los conflictos ambientales en Colombia, así como promover la aplicación justa y efectiva del derecho ambiental nacional e internacional, en especial del derecho a un medio ambiente sano y otros asociados a éste.",8,https://justiciaambientalcolombia.org/,Colombia,Colombia,Más de 300,Más de 300,400,"Energía, Agua, Asentamientos, Construcción sustentable, Bosques, Océanos, Resiliencia",Ambos,"Producción de conocimiento y fortalecimiento de capacidades, Campañas de difusión, Gestión participativa, Planificación de políticas",Sí,No,"Academia, Organizaciones No Gubernamentales, Individuos, Multisectorial",Multisectorial,"AIDA - Asociación Interamericana por la Defensa del Ambiente. ILSA - Instituto Latinoamericano para una Sociedad y un Derecho Alternativos.  Centro de Estudios para la Justicia Social, Tierra Digna.",Promoción de acciones específicas,Indirecto,"Fortalecimiento de capacidades, Difusión de conocimiento, Mejora de la gobernanza",
72,Foro Centroamérica Vulnerable - Unida por la Vida,"Generar un espacio de articulación de iniciativas desarrolladas por organizaciones y movimientos sociales que trabajan en la incidencia sobre políticas públicas locales, nacionales y sub regionales, vinculadas con el abordaje de la vulnerabilidad y el fortalecimiento de la resiliencia ante el Cambio Climático en Centroamérica ",9,http://www.centroamericavulnerable.org/ ,"Costa Rica, El Salvador, Guatemala, Honduras, Nicaragua",Nicaragua,101 a 150,51 a 150,100,"Energía, Agricultura y Ganadería, Agua, Resiliencia, Financiamiento, Reducción de Riesgo de Desastres",Ambos,"Producción de conocimiento y fortalecimiento de capacidades, Campañas de difusión, Capacitación técnica, Actividades de lobby, Financiamiento, Elaboración de normativa y legislación",Sí,Sí,"Academia, Organizaciones No Gubernamentales, Individuos, Asociaciones de pequeños y medianos productores agropecuarios; Asociaciones de pequeños generadores de energías renovables; Movimientos Sociales; Pueblos Indígenas.",Multisectorial,"CANLA, GFLAC, Secretarías Especializadas del Sistema de la Integración Centroamericana; Tomadores de decisión de gobiernos de Centroamérica.",Promoción de acciones específicas,Directo,"Fortalecimiento de capacidades, Reducción de gases de efecto invernadero, Reducción del riesgo, Fortalecimiento de la capacidad de adaptación, Difusión de conocimiento",
73,Alianza Costa Caribe Sur ante el Cambio Climático.,"Promover acciones para la adaptación ante el cambio climático con la participación público y privada en pueblos indígenas, afrodescendientes, campesinos y de las ciudades en la región autónoma del caribe sur en Nicaragua. Es parte del grupo centroamericana vulnerable ante el cambio climático ",5,,"El Salvador, Guatemala, Honduras, Nicaragua, Panamá",Nicaragua,1 a 20,1 a 50,25,"Energía, Agua, Residuos, Asentamientos, Resiliencia",Adaptación y Resiliencia,"Producción de conocimiento y fortalecimiento de capacidades, Campañas de difusión, Capacitación técnica, Gestión participativa, Implementación técnica en el terreno, Elaboración de normativa y legislación, Planificación de políticas, Fortalecimiento institucional",Sí,Sí,"Academia, Organizaciones No Gubernamentales, Gobiernos Subnacionales, Gobiernos Municipales/Ciudades, Individuos",Multisectorial,"Con la Asociación Nicaragüense ante el Cambio Climático, Concejo Nacional de Universidades de Nicaragua, Grupo Centroamérica Vulnerables ante el Cambio Climático",Territorio,Directo,"Fortalecimiento de capacidades, Reducción del riesgo, Fortalecimiento de la capacidad de adaptación, Elaboración de planes de acción, Mejora de la gobernanza",
74,Red por la Justicia Ambiental en Bolivia,"Promover —entre actores de la sociedad civil y del ámbito académico— el debate público, la generación de información y la articulación y fortalecimiento de acciones orientadas a la protección del derecho humano a un ambiente sano y de los derechos de la Madre Tierra, así como al uso sostenible de nuestros bienes comunes.",2,,Bolivia,Bolivia,21 a 50,1 a 50,25,"Agua, Bosques, Océanos, Resiliencia",Adaptación y Resiliencia,"Producción de conocimiento y fortalecimiento de capacidades, Campañas de difusión, Gestión participativa, Planificación de políticas",Sí,No,"Academia, Organizaciones No Gubernamentales, Individuos, Multisectorial",Multisectorial,Red por la Justicia Ambiental en Colombia. AIDA - Interamerican Association for Environmental Defense. ,Promoción de acciones específicas,Directo,"Fortalecimiento de capacidades, Reducción del riesgo, Difusión de conocimiento, Mejora de la gobernanza",
75,Grupo Perú Ambiente y Clima (GPAyC),"Aportar con propuestas para la implementación de la agenda interna climática y los compromisos adoptados en el Acuerdo de París. Movilizamos a la ciudadanía y dialogamos con los organismos oficiales, trabajando para incidir frente al Estado peruano y las Naciones Unidas. ",4,https://es-la.facebook.com/grupoperuambienteclima/,Perú,Perú,21 a 50,1 a 50,25,"Agricultura y Ganadería, Agua, Bosques, Resiliencia, Financiamiento, Institucionalidad, transparencia",Adaptación y Resiliencia,"Producción de conocimiento y fortalecimiento de capacidades, Campañas de difusión, Actividades de lobby, Elaboración de normativa y legislación",Sí,Sí,"Organizaciones No Gubernamentales, Organizaciones de mujeres, Organizaciones de pueblos indígenas, sindicatos, organizaciones de jóvenes",Multisectorial,"Interfaith Partners in Action for the Earth, Climate Action Network",Promoción de acciones específicas,Directo,"Fortalecimiento de capacidades, Fortalecimiento de la capacidad de adaptación, Difusión de conocimiento, Mejora de la gobernanza",
76,Plataforma Climática Latinoamericana (PCL),"Contribuir a instalar la atención al cambio climático y sus efectos como un criterio prioritario para la toma de decisiones políticas, ambientales, sociales y económicas, a múltiples niveles, tanto en el sector público como en el privado.",8,https://intercambioclimatico.com/es/,"Argentina, Bolivia, Brasil, Chile, Colombia, Costa Rica, Ecuador, Paraguay, Perú, Uruguay",Ecuador,1 a 20,1 a 50,25,Política publica cambio climático,Ambos,"Producción de conocimiento y fortalecimiento de capacidades, Campañas de difusión, Planificación de políticas, Fortalecimiento institucional",Sí,Sí,"Empresas, Academia, Organizaciones No Gubernamentales",Multisectorial,FAO,Promoción de acciones específicas,Directo,"Fortalecimiento de capacidades, Difusión de conocimiento, Mejora de la gobernanza",
77,Amazon Watch ,proteger el bosque y promover derechos indígenas en la cuenca amazónica ,22,amazonwatch.org,"Brasil, Colombia, Ecuador, Perú",Otros,Otros,1 a 50,25,"Energía, Industria, Bosques",Ambos,"Producción de conocimiento y fortalecimiento de capacidades, Campañas de difusión, Actividades de lobby",Sí,No,no tenemos miembros en términos formales ,Otros,"Indigenous Environmental Network, Oilwatch, Keep it in the Ground coalition (inc. 350.org etc.)",Esfuerzos para proteger territorios indígenas y luchas contra el extractivismo ,Directo,"Reducción de gases de efecto invernadero, Difusión de conocimiento, Mejora de la gobernanza",
78,Red Nacional de Adaptación al Cambio Climático RENACCE,"Detonar procesos encaminados a aumentar el bienestar colectivo, empoderando a la sociedad y fortaleciendo capacidades adaptativas ante el cambio climático",3,,México,México,1 a 20,1 a 50,25,"Agua, Resiliencia, Educación ambiental",Adaptación y Resiliencia,Producción de conocimiento y fortalecimiento de capacidades,Sí,No,"Academia, Organizaciones No Gubernamentales, Individuos",Multisectorial,"Iniciativa de Acceso México, organizaciones locales en distintos estados del país",Promoción de acciones específicas,Directo,"Fortalecimiento de capacidades, Fortalecimiento de la capacidad de adaptación, Difusión de conocimiento, Elaboración de planes de acción",
79,"Grupo de Financiamiento Climático para Latinoamérica y el Caribe, GFLAC","Buscamos contribuir en la construcción de una arquitectura financiera que permita hacer frente al problema del cambio climático, bajo principios de transparencia, rendición de cuentas, respeto a los derechos humanos, equidad de género y sustentabilidad",6,www.gflac.org,"Argentina, Belice, Bolivia, Brasil, Chile, Colombia, Costa Rica, Ecuador, El Salvador, Guatemala, Honduras, México, Nicaragua, Perú, Venezuela",México,151 a 300,151 a 300,225,"Energía, Ciudades, Financiamiento, Financiamiento con enfoque transversal",Ambos,"Producción de conocimiento y fortalecimiento de capacidades, Campañas de difusión, Capacitación técnica, Actividades de lobby, Financiamiento, Elaboración de normativa y legislación, Planificación de políticas, Fortalecimiento institucional",Sí,Sí,"Academia, Organizaciones No Gubernamentales, Individuos",Multisectorial,"CAN, Adaptation Watch, CFAS",Intercambio de información y apoyo en la  creación de capacidades sobre financiamiento climático,Directo,"Fortalecimiento de capacidades, Financiación de acciones, Difusión de conocimiento, Elaboración de planes de acción, Mejora de la gobernanza",
80,Instituto Progresista,Capacitacion a liderazgos en agenda de sostenibilidad,2,http://institutoprogresista.org/,Venezuela,Venezuela,1 a 20,1 a 50,25,"Energía, Transporte, Agua, Ciudades, Resiliencia, Innovación",Ambos,"Producción de conocimiento y fortalecimiento de capacidades, Campañas de difusión, Capacitación técnica, Actividades de lobby, Fortalecimiento institucional",Sí,Sí,"Empresas, Academia, Organizaciones No Gubernamentales, Gobiernos Subnacionales, Gobiernos Municipales/Ciudades, Individuos, Multisectorial",Multisectorial,Asamblea Nacional,Sector,Directo,"Fortalecimiento de capacidades, Difusión de conocimiento, Mejora de la gobernanza",
81,Climate Action Network Latinoamérica (CANLA),Acción Climática en la opinión púbica y seguimiento  (y lobby) con los stakeholders principlamente gubernamentales en pro de la mitigación y la adaptación al Cambio Climático ,20,www.can-la.org ,"Argentina, Brasil, Chile, Colombia, Haití, Nicaragua, Perú, Uruguay, Venezuela",Perú,21 a 50,1 a 50,25,"Energía, Transporte, Bosques",Ambos,"Producción de conocimiento y fortalecimiento de capacidades, Campañas de difusión, Actividades de lobby",Sí,Sí,Organizaciones No Gubernamentales,Organizaciones No Gubernamentales,Climate Action Network International  ,Promoción de acciones específicas,Directo,"Fortalecimiento de capacidades, Difusión de conocimiento, Elaboración de planes de acción",
82,Red Hidroclimatológica de Risaralda,"Sistemas de alertas temprana, y generación monitoreo de variables climaticas",10,http://redhidro.org,Colombia,Colombia,1 a 20,1 a 50,25,"Energía, Agua, Asentamientos",Ambos,"Producción de conocimiento y fortalecimiento de capacidades, Campañas de difusión, Gestión participativa, Fortalecimiento institucional",Sí,No,"Empresas, Academia, Organizaciones No Gubernamentales, Gobiernos Municipales/Ciudades, Individuos",Multisectorial,IDEAM,Colaboración entre actores específicos,Directo,"Reducción del riesgo, Elaboración de planes de acción, Mejora de la gobernanza",
83,"Foro Iberoamericano de Fiscalidad del ambiente, del cambio climático y de las energías renovables","Contactar y compartir información, eventos capacitaciones en lo relacionado a la fiscalidad del ambiente, el cambio climático y las energías renovables entre profesionales interesados en el tema en Iberoamerica a fin de generar capacidades en el tema en los distintos países e impulsar la interacción y retro-alimentación mutua como modo de estimulo de la acción climática.",3,,"Argentina, Bolivia, Brasil, Chile, Ecuador, Guatemala, Honduras, México, Panamá, Paraguay, Perú, República Dominicana, Uruguay, Venezuela, Otros",Argentina,51 a 100,51 a 150,100,"Energía, Transporte, Agricultura y Ganadería, Agua, Residuos, Industria, Ciudades, Bosques, Financiamiento, tributación o fiscalidad",Ambos,"Campañas de difusión, Capacitación técnica, Gestión participativa, Actividades de lobby, Elaboración de normativa y legislación, Fortalecimiento institucional",Sí,No,"Empresas, Academia, Organizaciones No Gubernamentales, Individuos, profesionale de multiples disciplinas",Multisectorial,Organismos publicos y Univesidades,"intercambio de información, conocimiento, datos, eventos, etc.",Directo,"Fortalecimiento de capacidades, Difusión de conocimiento, Mejora de la gobernanza",
84,Blog Apostillas Ambientales,"Concientización sobre necesidad y  urgencia de la acción climática en particular  y la protección y el cuidado del ambiente en general e intercambio de información, convocatorias de financiamiento, eventos, experiencias relevantes",6,https://www.facebook.com/ApostillasAmbientales/,"Argentina, Bolivia, Brasil, Chile, Colombia, Costa Rica, Cuba, Dominica, Ecuador, Guatemala, Honduras, México, Panamá, Paraguay, Perú, Puerto Rico, República Dominicana, Uruguay, Venezuela, Otros",Argentina,Otros,1 a 50,25,"Energía, Transporte, Agricultura y Ganadería, Agua, Residuos, Industria, Construcción sustentable, Ciudades, Bosques, Océanos, Resiliencia, Innovación, Financiamiento, Objetivos de desarrollo sostenible",Ambos,"Producción de conocimiento y fortalecimiento de capacidades, Campañas de difusión, Capacitación técnica, Gestión participativa, Actividades de lobby, Financiamiento, Fortalecimiento institucional",Sí,No,"Empresas, Academia, Organizaciones No Gubernamentales, Gobiernos Nacionales, Gobiernos Subnacionales, Gobiernos Municipales/Ciudades, Individuos, Multisectorial, asociaciones",Multisectorial,"grupos de investigació, grupos de accion climatica, grupos de impulso del cumplimimiento de ODS","intercambio  de conocimiento, experiencias,  convocatorias de financiamiento, eventos, capacitaciones",Directo,"Fortalecimiento de capacidades, Fortalecimiento de la capacidad de adaptación, Difusión de conocimiento, Mejora de la gobernanza",
85,Aliança Resíduo Zero Brasil,Difundir o conceito resíduo zero (basura zero),4,www.residuozero.org.br,Brasil,Brasil,1 a 20,1 a 50,25,"Residuos, Ciudades",Mitigación,"Producción de conocimiento y fortalecimiento de capacidades, Campañas de difusión, Planificación de políticas",Sí,Sí,"Academia, Organizaciones No Gubernamentales, Individuos",Multisectorial,Rede GAIA,Sector,Directo,"Fortalecimiento de capacidades, Difusión de conocimiento, Mejora de la gobernanza",
86,Climate Reality Project,Capacitar sobre Cambio climatico y tomar acciones,10,www.climaterealityproject.org,"Argentina, Chile, Costa Rica, Guatemala, Honduras, México, Perú, Puerto Rico, Uruguay, Venezuela",México,151 a 300,151 a 300,225,"Energía, Agua, Ciudades, Metricas, problematicas , combate al cambio climático",Ambos,"Producción de conocimiento y fortalecimiento de capacidades, Campañas de difusión, Capacitación técnica, Gestión participativa, Fortalecimiento institucional",Sí,Sin Datos,"Academia, Organizaciones No Gubernamentales, Individuos, lideres interesados en el tema (biodiversidad , energia renovables ,otros)",Multisectorial,Gobierno / Empresarial / lideres,Promoción de acciones específicas,Directo,"Fortalecimiento de capacidades, Financiación de acciones, Reducción de gases de efecto invernadero, Reducción del riesgo, Fortalecimiento de la capacidad de adaptación, Difusión de conocimiento, Elaboración de planes de acción, Mejora de la gobernanza",
